conflict_type_idx,layer,n,mean_cosine_delta,frac_cosine_new,mean_centered_cosine_delta,frac_centered_cosine_new,mean_projection,frac_projection_new
1,0,100,-1.0185691239628093e-05,0.46,-0.010481140957248457,0.45,-0.001890091530525608,0.46
1,1,100,-2.84690032393764e-05,0.43,-0.005328653918874486,0.45,-0.003048651754018562,0.44
1,2,100,-3.203804479897765e-05,0.51,-0.001272717919721047,0.52,-0.001318445887826736,0.52
1,3,100,-7.689548686641734e-05,0.53,-0.000975460527726304,0.48,-0.005144925122400665,0.46
1,4,100,-0.00025415210392820464,0.46,-0.0028452930751127745,0.49,-0.014452549049742636,0.46
1,5,100,-0.000271272186253102,0.45,-0.004506168749041709,0.44,-0.01940687888719552,0.45
1,6,100,-0.00025257730720600334,0.47,-0.004521503217668963,0.47,-0.01697081120237504,0.47
1,7,100,-0.0004140845895929168,0.38,-0.004822239887446293,0.4,-0.03477749656908342,0.38
1,8,100,-0.000453915305583894,0.4,-0.005197358784912339,0.41,-0.03302262769346723,0.38
1,9,100,-0.0003727681783516801,0.4,-0.004774226947231854,0.43,-0.027965321103298066,0.41
1,10,100,-0.0002160749996504363,0.46,-0.0027445452037046856,0.44,-0.01387241895811974,0.46
1,11,100,-0.0006258855449825696,0.34,-0.00473485940017241,0.35,-0.04256735673243698,0.37
1,12,100,-0.0003252393595489866,0.42,-0.002251840514918646,0.42,-0.015486801803540033,0.42
1,13,100,-0.00014316061590453178,0.47,-0.0010721181421746483,0.46,0.006611856859617197,0.47
1,14,100,-4.389905336532163e-05,0.49,-0.00066902575833094,0.48,0.012327666319095414,0.5
1,15,100,-0.0010768837649670505,0.41,-0.004688448206183565,0.42,-0.04516741903733467,0.41
1,16,100,-0.0006603406521512611,0.48,-0.0019735022400650558,0.5,-0.01634036149790964,0.48
1,17,100,8.97728548829968e-06,0.5,0.0007919143379610871,0.51,0.004690316418927904,0.5
1,18,100,0.0005190011300713815,0.52,0.0024864848000167405,0.51,0.03470556072978155,0.52
1,19,100,-0.0005942140023517317,0.44,-0.0013133574972928575,0.43,-0.052001366946211075,0.44
1,20,100,-0.00045028313583788114,0.45,-0.0009091082774304716,0.44,-0.04408500329922549,0.45
1,21,100,-0.00026535114325365816,0.47,-0.0007930494235021224,0.47,-0.03864297536605046,0.48
1,22,100,7.324033143990772e-05,0.45,-0.00034186131641915975,0.46,-0.013878505142016504,0.45
1,23,100,-0.00038739163841136295,0.4,-0.0018243809726654148,0.41,-0.07688909109848785,0.41
1,24,100,5.934165686066528e-05,0.42,-0.0007489195918028252,0.42,-0.05455445250929961,0.42
1,25,100,0.00016094549105315936,0.45,-0.00042118138176298615,0.43,-0.047788708812964424,0.45
1,26,100,0.0005903261620112032,0.44,-0.00013125851043913007,0.43,-0.03747812702938901,0.45
1,27,100,-0.0003480713332863228,0.42,-0.0014563322955945435,0.39,-0.12825922679611354,0.42
1,28,100,-6.557525285344479e-05,0.39,-0.0008902618075410629,0.39,-0.10042519049008147,0.38
1,29,100,-0.00013802912826749059,0.39,-0.0007831522599502683,0.39,-0.11124335069257976,0.39
1,30,100,5.7427181141133097e-05,0.43,-0.0004772702438742815,0.42,-0.04920163122738254,0.43
1,31,100,-0.0005469817393320697,0.46,-0.0006087862394558774,0.46,-0.07525302441413602,0.46
2,0,100,9.593618026864092e-06,0.62,0.007262916490801979,0.63,0.0019976913068842843,0.69
2,1,100,1.790228854144371e-05,0.54,0.0038884112149884208,0.55,0.002078865301060217,0.52
2,2,100,4.3540117432072645e-05,0.48,0.004245460799731213,0.52,0.003923746609805657,0.53
2,3,100,8.741727769049468e-05,0.49,0.0022615667896329138,0.5,0.0041006349551707,0.49
2,4,100,4.598803319093125e-05,0.5,7.442449447329635e-05,0.52,0.003946323124745521,0.51
2,5,100,9.012782453693413e-06,0.5,-0.0004727748969248746,0.5,0.002813367790098018,0.5
2,6,100,7.12765497345813e-05,0.49,0.0009230914288319325,0.49,0.007092715740343103,0.5
2,7,100,-0.0004625602624246183,0.42,-0.0071508957039364,0.45,-0.023847652211030832,0.43
2,8,100,-0.00044290178742125043,0.45,-0.0066258240965037666,0.42,-0.021935129765880683,0.46
2,9,100,-0.0003017114542430288,0.45,-0.0050830894659933444,0.46,-0.017105907585132203,0.45
2,10,100,-0.00015751968477588309,0.5,-0.003457017508364023,0.49,-0.00880535148384469,0.51
2,11,100,-0.0010234375763252235,0.33,-0.008496807112288394,0.34,-0.07109043072414586,0.35
2,12,100,-0.0008879034069917591,0.41,-0.006918113939363596,0.39,-0.061578019201445254,0.41
2,13,100,-0.0006909155606915218,0.42,-0.005319169880728876,0.38,-0.045345297001351786,0.42
2,14,100,-0.00024595126215973484,0.53,-0.002357599386412719,0.5,-0.006540062948983306,0.51
2,15,100,-0.0030493728465291027,0.42,-0.012724846427935053,0.42,-0.11690771225858362,0.42
2,16,100,-0.0024294298223945542,0.46,-0.007992521467227337,0.47,-0.07495632788208721,0.47
2,17,100,-0.0013008662922704207,0.44,-0.002489518073196051,0.48,-0.03438633843673842,0.45
2,18,100,-0.00048717404471010914,0.5,0.0016556771318297202,0.51,-0.02245984321824322,0.49
2,19,100,-0.001694823599738028,0.48,-0.0021700885001515167,0.48,-0.11426998243788425,0.49
2,20,100,-0.0019613273310897504,0.48,-0.002059225133915365,0.49,-0.145241997999493,0.49
2,21,100,-0.0018345632830987046,0.49,-0.0015554363157688578,0.48,-0.14742052265531616,0.47
2,22,100,-0.0025286251469204078,0.47,-0.0022743497501944944,0.46,-0.17684834851576803,0.46
2,23,100,-0.002945655520156665,0.44,-0.0039276764865206456,0.46,-0.24419384038691613,0.44
2,24,100,-0.002415573735071125,0.44,-0.0025463204192094245,0.47,-0.21067440658312922,0.44
2,25,100,-0.00215496101309964,0.45,-0.0021072566807410547,0.46,-0.204640448771838,0.46
2,26,100,-0.002937298741638684,0.44,-0.0038299901452782266,0.44,-0.26887694563363973,0.43
2,27,100,-0.0028599356830423784,0.44,-0.0033399241153073355,0.43,-0.2886080914691281,0.46
2,28,100,-0.0025717265471236674,0.44,-0.0029821944313928343,0.42,-0.2856807537022365,0.44
2,29,100,-0.0027986531811043523,0.46,-0.0027442681738668673,0.44,-0.3193639792912873,0.44
2,30,100,-0.002308907538588227,0.44,-0.0012677656566585204,0.45,-0.23418621077309434,0.44
2,31,100,-0.0037931448628575914,0.47,-0.004258014640197522,0.47,-1.2912812295454876,0.47
3,0,100,-2.2813597699578024e-06,0.43,-0.002249489906659884,0.44,-0.0002597923307745803,0.45
3,1,100,1.2401071762211391e-05,0.53,0.002153001693700529,0.46,0.0007445460633118227,0.5
3,2,100,1.1665082976365371e-05,0.46,0.0014303985163895883,0.47,-0.0001811913095273319,0.46
3,3,100,-0.00019281039828864422,0.36,-0.0036137850849721166,0.35,-0.016307382408453978,0.35
3,4,100,-0.00038312246186242516,0.27,-0.005499821465534089,0.28,-0.031546442375735124,0.27
3,5,100,-0.00035425110038248773,0.27,-0.006777367315004001,0.3,-0.03315408491505136,0.28
3,6,100,-0.00032678807121780287,0.3,-0.006878693240898828,0.3,-0.029190135904896365,0.3
3,7,100,-0.0014880354089930813,0.22,-0.018365618823839622,0.22,-0.10423508179242504,0.22
3,8,100,-0.0015269653612763712,0.22,-0.017463561904999175,0.24,-0.0996157007645424,0.22
3,9,100,-0.0013574174983776853,0.23,-0.01651648302144628,0.23,-0.09385107007704448,0.23
3,10,100,-0.0010338528546572723,0.25,-0.014347787534539065,0.28,-0.08148406466314972,0.25
3,11,100,-0.002399803708069754,0.14,-0.01830841204358676,0.15,-0.18107796880093033,0.16
3,12,100,-0.0021812850049825272,0.25,-0.01576885275897269,0.26,-0.17149715427608395,0.25
3,13,100,-0.001987180226425903,0.26,-0.014072859080312403,0.25,-0.15437505685587494,0.26
3,14,100,-0.0014645304801833992,0.3,-0.0123414638346958,0.3,-0.12537448080394642,0.3
3,15,100,-0.00968287924306278,0.18,-0.04825889868632868,0.17,-0.3867778650172336,0.18
3,16,100,-0.01157299942858697,0.18,-0.05094018355331348,0.18,-0.42318837591647673,0.18
3,17,100,-0.015112947719987628,0.19,-0.05923080457143575,0.21,-0.4586483167608795,0.19
3,18,100,-0.0192428920311538,0.24,-0.07608385031574293,0.24,-0.5811729861472217,0.23
3,19,100,-0.04051970975343594,0.17,-0.10639768454959134,0.17,-1.1564719456718877,0.17
3,20,100,-0.04203181831120894,0.19,-0.10313656124919739,0.18,-1.2633711797286042,0.18
3,21,100,-0.04529129223424209,0.22,-0.10491750368250222,0.22,-1.414653335420869,0.22
3,22,100,-0.04494445151398905,0.23,-0.10828426230439579,0.22,-1.6383674628263298,0.23
3,23,100,-0.051335507917840584,0.21,-0.10799835733999556,0.21,-1.911490017421878,0.21
3,24,100,-0.05154189141195473,0.23,-0.10466331457853123,0.22,-2.099301989377526,0.23
3,25,100,-0.050365672370222,0.23,-0.10397315705560384,0.23,-2.2256641323410826,0.24
3,26,100,-0.043995520140963584,0.23,-0.10979205577096533,0.24,-2.471754917026962,0.24
3,27,100,-0.05602937898417429,0.23,-0.10884645050172324,0.23,-2.8073829891850828,0.23
3,28,100,-0.049531348647816414,0.23,-0.10262681091906785,0.24,-2.984016778700629,0.23
3,29,100,-0.05075475101428319,0.25,-0.0980878470616561,0.25,-3.1844895641971953,0.25
3,30,100,-0.04997070329834134,0.28,-0.09330340219359018,0.26,-3.4520182588058055,0.27
3,31,100,-0.049019114496985206,0.3,-0.08079526956274656,0.29,-10.269389548131716,0.3
4,0,100,-1.1017150672810727e-05,0.4,-0.012248302988902258,0.39,-0.0023445374192428998,0.39
4,1,100,-2.1325603472973633e-05,0.46,-0.005329509496733573,0.46,-0.001959311533747655,0.45
4,2,100,-5.53712572610543e-05,0.46,-0.005671370808801732,0.42,-0.003779530436163931,0.45
4,3,100,-0.0005159917875242392,0.4,-0.011632697258623587,0.38,-0.018573518875067488,0.39
4,4,100,-0.0007702296246063723,0.3,-0.012649077422071388,0.32,-0.04054745977194592,0.3
4,5,100,-0.0006213186090230394,0.27,-0.013118326100707093,0.27,-0.04118427808452265,0.28
4,6,100,-0.000626557860478486,0.33,-0.014006927262891553,0.33,-0.040946071017437496,0.33
4,7,100,-0.00197707129945352,0.2,-0.025988853764567988,0.2,-0.10594886333867069,0.19
4,8,100,-0.002027476558218826,0.17,-0.02510472343775397,0.16,-0.1019463760401437,0.18
4,9,100,-0.0018504156445842647,0.18,-0.024544103392646704,0.15,-0.10012460742142183,0.16
4,10,100,-0.0014897949538169885,0.21,-0.02205934691066371,0.2,-0.09307197482515757,0.22
4,11,100,-0.0034428850989900593,0.09,-0.024400182966380236,0.08,-0.19486568436533663,0.09
4,12,100,-0.003412269831945461,0.1,-0.022446205152770748,0.1,-0.19364127221619132,0.09
4,13,100,-0.0033416215814729144,0.15,-0.02176279520911711,0.12,-0.1846090087107499,0.14
4,14,100,-0.0027391356881250263,0.14,-0.02079205900190616,0.14,-0.16587108387923827,0.16
4,15,100,-0.004054668679654368,0.22,-0.019692319075302795,0.23,-0.20757613089078247,0.23
4,16,100,-0.003493749982784217,0.27,-0.01501489989273055,0.27,-0.19836720709026043,0.26
4,17,100,-0.003524683482408303,0.23,-0.012211477674854252,0.27,-0.22280038834031693,0.24
4,18,100,-0.0045549529301755695,0.23,-0.013065349549058717,0.25,-0.30659521701127024,0.24
4,19,100,0.0038704275138960477,0.25,0.01308834973789985,0.27,-0.2642810001697417,0.26
4,20,100,0.00642223483150302,0.24,0.024472071217238104,0.27,-0.2532340051409512,0.24
4,21,100,0.0069517133875201175,0.26,0.028887761124035537,0.3,-0.27518385231953196,0.27
4,22,100,0.0054470616937529436,0.25,0.04034683436063153,0.32,-0.2763717457109384,0.26
4,23,100,0.009492388385467182,0.27,0.036745359387779654,0.31,-0.3081937065820477,0.25
4,24,100,0.010138957395791102,0.25,0.038504936899769776,0.31,-0.3561228923130535,0.24
4,25,100,0.00784205593529116,0.25,0.037737157860305584,0.29,-0.44195711097383283,0.24
4,26,100,0.0028046857075725885,0.23,0.049012252399841374,0.29,-0.32130513673434186,0.25
4,27,100,0.008028860801171035,0.27,0.030277647839926453,0.3,-0.42075409370005895,0.27
4,28,100,0.007837259114758079,0.26,0.034874824469485005,0.3,-0.4514325497019657,0.26
4,29,100,0.011105098089144026,0.29,0.03955015126165694,0.3,-0.3814640191698851,0.28
4,30,100,0.010319467046061064,0.3,0.040024960289447735,0.32,-0.38613112329889737,0.3
4,31,100,0.016582991049216057,0.35,0.03821428863617205,0.35,-0.8151942925691772,0.34
5,0,100,-6.410249419798175e-06,0.45,-0.00823310114745705,0.45,-0.0006522377997909783,0.42
5,1,100,-3.7692436753793414e-05,0.41,-0.009967645673414035,0.43,-0.0026671387012839453,0.43
5,2,100,-9.916044752962927e-05,0.43,-0.011956379340304198,0.42,-0.004434511154297681,0.43
5,3,100,-0.0016983497887701627,0.35,-0.0489340072201928,0.34,-0.042771947406246354,0.35
5,4,100,-0.0005155182117017365,0.43,-0.01884066438246903,0.41,-0.017410924696222234,0.42
5,5,100,-0.0004406397677315277,0.42,-0.022966553349493254,0.4,-0.01771632595960988,0.42
5,6,100,-0.0002816739754819308,0.44,-0.02171138412014947,0.43,-0.010662766933744332,0.44
5,7,100,-0.007594412360194923,0.33,-0.10923638015001252,0.33,-0.1596396021877895,0.3
5,8,100,-0.0086399057311994,0.31,-0.1174314764344738,0.3,-0.16834094422687126,0.31
5,9,100,-0.007972698178356876,0.3,-0.1147983705345952,0.29,-0.1659609914314235,0.3
5,10,100,-0.005768063772709944,0.32,-0.1046822426532473,0.33,-0.14597709494448044,0.34
5,11,100,-0.01169559071121471,0.3,-0.09204345364609973,0.3,-0.2400513531586883,0.32
5,12,100,-0.01081999585084966,0.37,-0.07807476761841758,0.38,-0.2088096906709212,0.38
5,13,100,-0.009943990455231639,0.42,-0.07215130172295589,0.41,-0.17996375487157004,0.43
5,14,100,-0.007077407068286403,0.42,-0.06334275697010816,0.41,-0.14318030281898783,0.44
5,15,100,-0.014533715918855255,0.43,-0.06424449447698388,0.4,-0.2520879178825547,0.43
5,16,100,-0.013962616530528296,0.46,-0.0519275522550259,0.44,-0.2490508522219061,0.45
5,17,100,-0.011667443630397218,0.45,-0.041918363334830275,0.46,-0.20786242829928164,0.45
5,18,100,-0.008135034381832044,0.45,-0.0322575778311492,0.43,-0.2090555225721975,0.45
5,19,100,-0.009721743964480287,0.39,-0.02438960689436836,0.4,-0.345166334222765,0.37
5,20,100,-0.009817084583349029,0.4,-0.020893452877583058,0.42,-0.3853395758886039,0.39
5,21,100,-0.00971571999577577,0.41,-0.019308917169083294,0.43,-0.4289272751587758,0.42
5,22,100,-0.009398371151517709,0.42,-0.019525264455988903,0.44,-0.491810944166303,0.41
5,23,100,-0.010101842165679477,0.42,-0.019710903919121177,0.41,-0.5165078668880084,0.42
5,24,100,-0.009432427553837398,0.4,-0.018144486182390125,0.38,-0.5613204896770507,0.39
5,25,100,-0.008536965789095397,0.4,-0.016757966464439014,0.41,-0.6099569280839153,0.4
5,26,100,-0.006576706240072086,0.4,-0.013099291502758929,0.4,-0.558528776428761,0.39
5,27,100,-0.009067459610731441,0.37,-0.017808913937776623,0.39,-0.7131111937646126,0.36
5,28,100,-0.008149745646904532,0.37,-0.017634454172422372,0.39,-0.7895188137168921,0.36
5,29,100,-0.008804088870303041,0.38,-0.018552104886116624,0.38,-0.9200524327745494,0.37
5,30,100,-0.009065324322278221,0.37,-0.0187816780904741,0.37,-1.1332840632636065,0.38
5,31,100,-0.010853360409480293,0.37,-0.018027328001386705,0.35,-4.338673437496086,0.37
6,0,100,-6.254790331491677e-05,0.4,-0.048532842011413765,0.43,-0.005325381851219699,0.39
6,1,100,-0.00016096969487843892,0.35,-0.02925144149163483,0.37,-0.008881467234133746,0.35
6,2,100,-0.00036805531383011234,0.39,-0.025051475291930404,0.39,-0.011574464428570953,0.38
6,3,100,-0.0015533670325761628,0.24,-0.03375444526882318,0.27,-0.05758770296918196,0.24
6,4,100,-0.002157865196301,0.33,-0.03375001926427333,0.31,-0.07709062343831727,0.32
6,5,100,-0.001739400712529794,0.33,-0.03498662066871111,0.32,-0.07561024260051219,0.32
6,6,100,-0.0016937951155311392,0.31,-0.03528826245914013,0.31,-0.06950781855518613,0.31
6,7,100,-0.0030629272999077627,0.25,-0.03600956684658528,0.28,-0.1262722767221667,0.27
6,8,100,-0.0034858832788862803,0.24,-0.038650478237176884,0.24,-0.13546673080587068,0.23
6,9,100,-0.00333363593312587,0.25,-0.03994241925187916,0.26,-0.1397338741123989,0.24
6,10,100,-0.002986024609702067,0.23,-0.04113431537726128,0.24,-0.13803951151492733,0.22
6,11,100,-0.006203783143586447,0.23,-0.04677087559546275,0.23,-0.25714089466738166,0.23
6,12,100,-0.006726387956217646,0.24,-0.04532988871312668,0.26,-0.2715721947392641,0.23
6,13,100,-0.0069592564255210425,0.23,-0.0453906512038829,0.24,-0.2709742774995256,0.23
6,14,100,-0.006488332021270871,0.24,-0.04712821872831957,0.25,-0.26834851500152895,0.25
6,15,100,-0.009032638970678415,0.25,-0.04191601741732491,0.26,-0.34698404025333657,0.25
6,16,100,-0.00908751342385877,0.28,-0.037017310013432045,0.28,-0.34718230489605356,0.28
6,17,100,-0.009789622341561702,0.29,-0.036120227232969614,0.32,-0.35137014387766413,0.29
6,18,100,-0.00981827900452274,0.33,-0.036708298432500806,0.34,-0.3861957137326148,0.32
6,19,100,-0.009833310534676103,0.39,-0.02629590161437003,0.41,-0.4227212491489319,0.38
6,20,100,-0.006366322640386052,0.4,-0.01661199411226084,0.41,-0.32977392699410557,0.4
6,21,100,-0.005550998957869366,0.42,-0.011095686826156848,0.42,-0.301701088767657,0.41
6,22,100,-0.010822022912537328,0.43,-0.01878434885960987,0.42,-0.4744350666890091,0.43
6,23,100,-0.010527841949818722,0.42,-0.01522155811665589,0.43,-0.5211065199928564,0.42
6,24,100,-0.013540229132306474,0.42,-0.01888408118107303,0.42,-0.6397893643595559,0.42
6,25,100,-0.01465378950886766,0.41,-0.019905627074649105,0.42,-0.7319641328874991,0.41
6,26,100,-0.01324808271616987,0.38,-0.019410604981780405,0.43,-0.7425824432965357,0.4
6,27,100,-0.01281490576421783,0.43,-0.017814890869042855,0.43,-0.7327055902159194,0.41
6,28,100,-0.01198177559199529,0.41,-0.018119466555859116,0.4,-0.6745136223897326,0.4
6,29,100,-0.012602450643547352,0.4,-0.01911827380247461,0.39,-0.6806528792192431,0.39
6,30,100,-0.014047932751885057,0.41,-0.023175944742385664,0.42,-0.6058914631920745,0.41
6,31,100,-0.006115744599074118,0.43,-0.009784736810551965,0.4,-1.5190250794423144,0.43
7,0,100,-3.7815677099151124e-06,0.43,-0.0056189187491003075,0.47,-0.0008500441887240288,0.43
7,1,100,4.659139288387681e-06,0.5,0.000643491964839169,0.5,-0.0005195364641307347,0.53
7,2,100,4.160182468570528e-05,0.53,0.004973207240143804,0.52,0.0016449503089471893,0.54
7,3,100,-0.00027229673737327767,0.36,-0.004889730252114076,0.37,-0.018396459478035674,0.37
7,4,100,-0.0002680422142349392,0.43,-0.004490975777112511,0.4,-0.02293245630185931,0.44
7,5,100,-0.0002524581855620145,0.42,-0.005132754382542887,0.39,-0.024843359421046412,0.43
7,6,100,-0.00012112740403686151,0.44,-0.002897290321971087,0.45,-0.012988710867184344,0.46
7,7,100,-2.0124882122202204e-05,0.36,-0.00018853806968065047,0.36,-0.010878718967250664,0.36
7,8,100,-1.963757265525112e-06,0.39,0.00017776777368935903,0.39,-0.009976535447284171,0.39
7,9,100,0.00022387340001760127,0.48,0.003126518142345576,0.46,0.004533916972040198,0.47
7,10,100,0.00043486344575671796,0.55,0.00651875909810453,0.55,0.026579640039516062,0.56
7,11,100,4.540727361620145e-05,0.49,0.0006758792058004037,0.5,0.00839155833055013,0.49
7,12,100,0.0006235811188453077,0.58,0.005049994326612923,0.58,0.04561712451933113,0.59
7,13,100,0.0008850493131816572,0.59,0.006898796563935934,0.61,0.06832570184481304,0.59
7,14,100,0.001163323025657801,0.67,0.009985835015867868,0.64,0.09951229306818359,0.68
7,15,100,0.002193033703709393,0.63,0.009045615106422142,0.62,0.11491274585036054,0.63
7,16,100,0.007012788653916878,0.6,0.025714522761682238,0.6,0.22870822258003462,0.6
7,17,100,0.013963400404377806,0.68,0.049488405991549474,0.7,0.4251972306940678,0.67
7,18,100,0.0185252580844894,0.73,0.06934866984815174,0.75,0.6285475424418447,0.73
7,19,100,0.01761023920635579,0.68,0.04341990865628037,0.68,0.7037625404405808,0.69
7,20,100,0.022988510685678542,0.7,0.053432151120022774,0.71,0.9378408904854385,0.7
7,21,100,0.027960587222366783,0.69,0.06054758422823623,0.69,1.1547465689175138,0.68
7,22,100,0.02641531085361086,0.68,0.05964302342219008,0.69,1.3192808770210596,0.69
7,23,100,0.029442602609971814,0.68,0.05714357852503985,0.68,1.4312214772890033,0.67
7,24,100,0.03137955210721005,0.68,0.059549287355000875,0.68,1.6487757595091614,0.67
7,25,100,0.03272485056113481,0.67,0.062215536261851744,0.67,1.8606866148177224,0.67
7,26,100,0.027872603017503925,0.68,0.062760254211636,0.69,2.0365798113862548,0.68
7,27,100,0.03353793746480599,0.64,0.05930383899382839,0.65,2.1022156190469814,0.64
7,28,100,0.031811689888366634,0.66,0.06014442500204912,0.66,2.4524367933171884,0.65
7,29,100,0.03401816949086997,0.67,0.06083058421428371,0.68,2.7677806183314577,0.65
7,30,100,0.0344571482219659,0.69,0.0620443692273262,0.7,3.2401667828569525,0.68
7,31,100,0.038904125947545436,0.65,0.06315041261847126,0.66,10.922342953006407,0.66
8,0,94,3.342581054508559e-05,0.723404255319149,0.02647263293399286,0.7553191489361702,0.005551102341055678,0.7340425531914894
8,1,94,6.188006489783649e-05,0.7127659574468085,0.014291406177445704,0.7127659574468085,0.008138581205984303,0.7021276595744681
8,2,94,0.00022341505120438573,0.7446808510638298,0.02018510705463372,0.7978723404255319,0.015748192196392112,0.7553191489361702
8,3,94,8.24459077457788e-05,0.5319148936170213,0.0024527935758090354,0.5425531914893617,0.009618627560396631,0.5531914893617021
8,4,94,-0.00015189364908009924,0.425531914893617,-0.0015447331391608345,0.425531914893617,-0.005516622270608754,0.425531914893617
8,5,94,-0.00022006966157723392,0.425531914893617,-0.0036111682434927005,0.43617021276595747,-0.011220164073385663,0.43617021276595747
8,6,94,-4.2950180417788504e-05,0.5212765957446809,8.33017533448512e-05,0.5,0.0027486146158963738,0.5106382978723404
8,7,94,-0.0003263367845112743,0.44680851063829785,-0.004775857611331949,0.425531914893617,-0.020866862488243234,0.43617021276595747
8,8,94,-0.00035039121909396473,0.44680851063829785,-0.004948871604318913,0.44680851063829785,-0.020483516780762462,0.44680851063829785
8,9,94,-0.00020998912915825172,0.43617021276595747,-0.003558529266576556,0.425531914893617,-0.009622603451638354,0.43617021276595747
8,10,94,0.00011274191194949831,0.46808510638297873,0.0004309762299155123,0.48936170212765956,0.017060113237545367,0.46808510638297873
8,11,94,-0.00048158813156902843,0.43617021276595747,-0.004353603142347485,0.425531914893617,-0.02097961419383837,0.44680851063829785
8,12,94,-0.00022611215667707728,0.48936170212765956,-0.0023473929316171534,0.46808510638297873,0.0017615002770487666,0.5106382978723404
8,13,94,0.00030020254301078294,0.5425531914893617,0.0007317841529770496,0.5425531914893617,0.04314760470152047,0.574468085106383
8,14,94,0.00035969789224842805,0.5531914893617021,0.0010525612204649103,0.5638297872340425,0.05022358644855048,0.5531914893617021
8,15,94,-0.0004372887986500801,0.48936170212765956,-0.003701283770038581,0.48936170212765956,0.00016057755670303395,0.48936170212765956
8,16,94,0.0006457294816087414,0.5531914893617021,0.0008048942946393465,0.5425531914893617,0.06087952357912853,0.5425531914893617
8,17,94,0.0033537808088777744,0.5851063829787234,0.01024437966516208,0.5851063829787234,0.17891023859690044,0.5851063829787234
8,18,94,0.006504708256639101,0.6914893617021277,0.0225156525837656,0.6702127659574468,0.3567565731792389,0.7127659574468085
8,19,94,0.010217632680960487,0.6382978723404256,0.02452337189214122,0.5957446808510638,0.5088257363300744,0.6382978723404256
8,20,94,0.0110016139495151,0.6595744680851063,0.024887333715902116,0.648936170212766,0.6168453759776971,0.6702127659574468
8,21,94,0.012098952931412943,0.6382978723404256,0.025536741709179925,0.6276595744680851,0.7237552725566292,0.648936170212766
8,22,94,0.011683944442235483,0.6595744680851063,0.02738718996677815,0.648936170212766,0.8673825659875646,0.6595744680851063
8,23,94,0.014287010694609047,0.6382978723404256,0.027582122942911576,0.648936170212766,0.9784602906283324,0.648936170212766
8,24,94,0.014873611150482129,0.6808510638297872,0.02816714734003404,0.6595744680851063,1.0973264664904587,0.6702127659574468
8,25,94,0.014485032513337834,0.6808510638297872,0.027990937764192612,0.6702127659574468,1.1681979090670744,0.6914893617021277
8,26,94,0.011029423521905429,0.6595744680851063,0.02913228439240565,0.648936170212766,1.2827184758464183,0.6595744680851063
8,27,94,0.014257832231551233,0.6702127659574468,0.027187559887000202,0.6808510638297872,1.3906940879049983,0.6702127659574468
8,28,94,0.012956894283868788,0.6808510638297872,0.025712921321516053,0.6808510638297872,1.551273198960796,0.6702127659574468
8,29,94,0.013435212247633313,0.6808510638297872,0.02492294392578992,0.6914893617021277,1.677468360633692,0.6702127659574468
8,30,94,0.01297019025267948,0.7021276595744681,0.023759218612550047,0.7127659574468085,1.9533923230843704,0.6914893617021277
8,31,94,0.014897852704430696,0.7021276595744681,0.02366248610675572,0.6914893617021277,6.901694492169206,0.7021276595744681
9,0,70,1.6676165744125956e-06,0.4857142857142857,0.00421068764699197,0.4857142857142857,5.005417898661796e-05,0.4714285714285714
9,1,70,-8.212920920312529e-06,0.5857142857142857,0.002716188391214729,0.5571428571428572,-0.0005316595278664124,0.5714285714285714
9,2,70,3.462620523159313e-05,0.6428571428571429,0.008600101029323022,0.6571428571428571,0.003300759932367732,0.6571428571428571
9,3,70,-0.0008191851592485605,0.2571428571428571,-0.012190405347962304,0.24285714285714285,-0.03456817780851278,0.2571428571428571
9,4,70,-0.0013464509654301778,0.2,-0.01886168484493649,0.21428571428571427,-0.0745045938874579,0.2
9,5,70,-0.0011255612916639631,0.21428571428571427,-0.019959492508121807,0.24285714285714285,-0.07159212674335892,0.22857142857142856
9,6,70,-0.000871674407684748,0.22857142857142856,-0.013651630263430884,0.3,-0.04905448316181554,0.2714285714285714
9,7,70,-0.0017178801525322125,0.12857142857142856,-0.01951436382368021,0.12857142857142856,-0.11644381742525778,0.12857142857142856
9,8,70,-0.0017624572515892477,0.14285714285714285,-0.018107834058589744,0.17142857142857143,-0.11250158593952232,0.14285714285714285
9,9,70,-0.001429549770468814,0.2,-0.015141400105464697,0.22857142857142856,-0.09365412087097512,0.21428571428571427
9,10,70,-0.0008928676115848307,0.2714285714285714,-0.009962298759372238,0.2714285714285714,-0.06255946151779096,0.2857142857142857
9,11,70,-0.0015397263271198375,0.15714285714285714,-0.01157277274464794,0.17142857142857143,-0.12210601667505025,0.18571428571428572
9,12,70,-0.001541502934740061,0.21428571428571427,-0.011065790155317284,0.18571428571428572,-0.12225459275580348,0.21428571428571427
9,13,70,-0.0008798966200314634,0.3142857142857143,-0.006572309745353538,0.3142857142857143,-0.07306142846027294,0.32857142857142857
9,14,70,-0.0006590890173055903,0.37142857142857144,-0.0057984668604242565,0.34285714285714286,-0.05599186244803429,0.37142857142857144
9,15,70,-0.0021147453392951735,0.3,-0.010472574951747292,0.3142857142857143,-0.1529946923560139,0.3
9,16,70,-0.004523399590652401,0.2571428571428571,-0.02044779108966383,0.24285714285714285,-0.2607111647288333,0.2571428571428571
9,17,70,-0.003887712793648623,0.3,-0.01803844840196819,0.2857142857142857,-0.21813183164578304,0.3
9,18,70,-0.0023528053887121917,0.32857142857142857,-0.01497894672115167,0.3142857142857143,-0.16880404755053635,0.32857142857142857
9,19,70,-0.0037579448115024816,0.3,-0.01335178321530773,0.2857142857142857,-0.3406648464444103,0.3
9,20,70,-0.005033827781485765,0.2857142857142857,-0.01595274032636886,0.2571428571428571,-0.43265338682332494,0.3
9,21,70,-0.005569212902519276,0.3,-0.016200200820257374,0.2714285714285714,-0.5094980423554066,0.3
9,22,70,-0.004204816683897387,0.2857142857142857,-0.013730371789272845,0.2714285714285714,-0.5300430908914979,0.2857142857142857
9,23,70,-0.00522426186512065,0.2714285714285714,-0.013585747313349716,0.2571428571428571,-0.5813024399202856,0.2714285714285714
9,24,70,-0.005764704441884144,0.2571428571428571,-0.014205410751537723,0.2571428571428571,-0.6782725950952405,0.2571428571428571
9,25,70,-0.006254348905232673,0.2571428571428571,-0.015332643983327511,0.2571428571428571,-0.7716086433379692,0.2714285714285714
9,26,70,-0.004692615564425031,0.2857142857142857,-0.01594210479827466,0.2714285714285714,-0.8202461616069455,0.3
9,27,70,-0.0060951602632290155,0.3142857142857143,-0.012973978440796225,0.3142857142857143,-0.8059492123470007,0.3142857142857143
9,28,70,-0.005362627888295787,0.3142857142857143,-0.011792284675354923,0.3142857142857143,-0.8840058201865408,0.3142857142857143
9,29,70,-0.0058361353635001945,0.3142857142857143,-0.011639758137626983,0.3142857142857143,-0.9851618865921685,0.3142857142857143
9,30,70,-0.0057596036871229855,0.3,-0.01023655527318534,0.3,-1.0925254284876664,0.3
9,31,70,-0.004772461842553474,0.3142857142857143,-0.007359193255515072,0.3142857142857143,-2.9038851012797653,0.32857142857142857
