model_id,layer,type_a,type_b,space,overlap,sigma_1,sigma_2,angle_1_deg,angle_2_deg,mean_angle_deg,shared_dimension_sigma_ge_0_5
Qwen/Qwen3.5-4B,0,1,2,raw,0.2834471238853733,0.7357758960723201,0.15977508732503026,42.62718097127963,80.80615826865706,61.71666961996834,1
Qwen/Qwen3.5-4B,0,1,2,label_residualized,0.32047696178373464,0.7332357628212564,0.32143310297385286,42.84165015551698,71.25038496420191,57.04601755985945,1
Qwen/Qwen3.5-4B,0,1,3,raw,0.19787957176907192,0.6256236897203876,0.06598592576293812,51.27202072491666,86.21653592815996,68.7442783265383,1
Qwen/Qwen3.5-4B,0,1,3,label_residualized,0.230170770723273,0.6781416634809097,0.021573727028277624,47.30140380709942,88.76382058865319,68.0326121978763,1
Qwen/Qwen3.5-4B,0,1,4,raw,0.17160836880232838,0.5324697721390247,0.24432085331152525,57.82752023953925,75.85829816671256,66.8429092031259,1
Qwen/Qwen3.5-4B,0,1,4,label_residualized,0.2116810664633337,0.5946749397084782,0.2640527390681363,53.51053724323163,74.68932599611483,64.09993161967323,1
Qwen/Qwen3.5-4B,0,1,5,raw,0.1824584960773733,0.6015830831926273,0.054907068499411064,53.01663803695391,86.85247383680817,69.93455593688104,1
Qwen/Qwen3.5-4B,0,1,5,label_residualized,0.14245389057187957,0.5231384120323551,0.10599048542215932,58.45699359581946,83.91576434656457,71.18637897119201,1
Qwen/Qwen3.5-4B,0,1,6,raw,0.07645527899767104,0.39020557582180715,0.025498364514494117,67.03270846791969,88.53889297249454,77.7858007202071,0
Qwen/Qwen3.5-4B,0,1,6,label_residualized,0.02004975563763503,0.1972303031766036,0.03463695691216382,78.62495876274527,88.01505152209761,83.32000514242144,0
Qwen/Qwen3.5-4B,0,1,7,raw,0.4076836472902946,0.73494643868675,0.5246151225825008,42.697309561793084,58.35766289139532,50.527486226594206,2
Qwen/Qwen3.5-4B,0,1,7,label_residualized,0.5662578580931523,0.7902176277916896,0.7127915662475106,37.79414619991941,44.537498867096375,41.16582253350789,2
Qwen/Qwen3.5-4B,0,1,8,raw,0.4955505885902134,0.9576122353333009,0.27217638384030596,16.74187189317571,74.20618449477448,45.474028193975094,1
Qwen/Qwen3.5-4B,0,1,8,label_residualized,0.486973082871273,0.955821293864064,0.24566607404884502,17.09448876796347,75.77879995927503,46.43664436361925,1
Qwen/Qwen3.5-4B,0,1,9,raw,0.34072288312413435,0.7326803913826379,0.38029621393284113,42.88842609039269,67.64796796600072,55.26819702819671,1
Qwen/Qwen3.5-4B,0,1,9,label_residualized,0.45060971121704396,0.7931136714628394,0.5217184361059356,37.52255151370164,58.55240846157062,48.03747998763613,2
Qwen/Qwen3.5-4B,0,2,3,raw,0.1956799321940372,0.6227666048651734,0.059343241003330355,51.481550709361024,86.59788392503627,69.03971731719865,1
Qwen/Qwen3.5-4B,0,2,3,label_residualized,0.21425787774741664,0.6544717382304396,0.01350923211956298,49.12039352126347,89.22595447006762,69.17317399566555,1
Qwen/Qwen3.5-4B,0,2,4,raw,0.2068631957018256,0.6405831393200633,0.05813461122690693,50.16468351531084,86.66725308877047,68.41596830204065,1
Qwen/Qwen3.5-4B,0,2,4,label_residualized,0.24826911471568458,0.7005745891957614,0.07571970948543899,45.526878430668724,85.65742378457666,65.5921511076227,1
Qwen/Qwen3.5-4B,0,2,5,raw,0.09418986290753245,0.4134841683589993,0.13194911265912942,65.57610644066469,82.41776136972646,73.99693390519558,0
Qwen/Qwen3.5-4B,0,2,5,label_residualized,0.09760491639920488,0.4183665928546202,0.14205360531020053,65.26849345385533,81.83330299239309,73.55089822312421,0
Qwen/Qwen3.5-4B,0,2,6,raw,0.21270806796358768,0.6489661560406755,0.06526150657903147,49.536300251902446,86.25813175318609,67.89721600254427,1
Qwen/Qwen3.5-4B,0,2,6,label_residualized,0.22163968194741598,0.6657224265518841,0.00964441188996272,48.26222812057482,89.4474073360552,68.85481772831501,1
Qwen/Qwen3.5-4B,0,2,7,raw,0.3974973533590108,0.8157666488998848,0.35988815104233934,35.336762930812206,68.90667284260671,52.12171788670946,1
Qwen/Qwen3.5-4B,0,2,7,label_residualized,0.39742243299012325,0.8049306490258781,0.38331647008578335,36.396441747746415,67.46073563730826,51.92858869252734,1
Qwen/Qwen3.5-4B,0,2,8,raw,0.3189597044156688,0.7980981890255796,0.030962711532225518,37.051125367468856,88.22568372681184,62.63840454714035,1
Qwen/Qwen3.5-4B,0,2,8,label_residualized,0.33028437536919614,0.8034610520967629,0.12255239084552841,36.53810878162741,82.96056869280909,59.74933873721825,1
Qwen/Qwen3.5-4B,0,2,9,raw,0.3553639938829816,0.8035054217974734,0.255160782464758,36.53383853187354,75.21688752717998,55.87536302952676,1
Qwen/Qwen3.5-4B,0,2,9,label_residualized,0.3554327430809984,0.7922376720492659,0.28848736046481605,37.604880103956425,73.23258184615165,55.41873097505403,1
Qwen/Qwen3.5-4B,0,3,4,raw,0.7330233520773062,0.8988838228938163,0.8112056318187212,25.988263597116934,35.78610729782453,30.88718544747073,2
Qwen/Qwen3.5-4B,0,3,4,label_residualized,0.7776705734033493,0.9119515540156315,0.8506970729555693,24.223549508866757,31.712431994889712,27.967990751878233,2
Qwen/Qwen3.5-4B,0,3,5,raw,0.19702905108465898,0.5571918547395626,0.2891285858942421,56.13818261471307,73.19420707194229,64.66619484332767,1
Qwen/Qwen3.5-4B,0,3,5,label_residualized,0.15952162072347656,0.5364499583067885,0.17681822213674123,57.557702456011434,79.81551520358644,68.68660882979894,1
Qwen/Qwen3.5-4B,0,3,6,raw,0.06334960085200789,0.3513084397360389,0.057285092949611975,69.43263396920817,86.71600815747135,78.07432106333977,0
Qwen/Qwen3.5-4B,0,3,6,label_residualized,0.07279774720530963,0.36933490616208414,0.09584999478802161,68.32539492330086,84.49975581171533,76.4125753675081,0
Qwen/Qwen3.5-4B,0,3,7,raw,0.2819840581829423,0.7396559514854858,0.12991223883062453,42.297883840473595,82.53547903453855,62.41668143750607,1
Qwen/Qwen3.5-4B,0,3,7,label_residualized,0.28545326723299136,0.7460552529073827,0.11961644567234019,41.75018260041529,83.13003290569628,62.440107753055784,1
Qwen/Qwen3.5-4B,0,3,8,raw,0.24713721658365284,0.6531190074389076,0.26021144342499963,49.22282345110466,74.91739118462584,62.07010731786525,1
Qwen/Qwen3.5-4B,0,3,8,label_residualized,0.25340624941196815,0.6700167784859589,0.24060344006525308,47.931640212840804,76.07784139065423,62.004740801747516,1
Qwen/Qwen3.5-4B,0,3,9,raw,0.19599417880965844,0.6245105663909385,0.04443996045662141,51.35372666158006,87.45293898509992,69.40333282334,1
Qwen/Qwen3.5-4B,0,3,9,label_residualized,0.2413801449757665,0.6948087518614832,0.0010432105352658728,45.98802083571194,89.94022842834423,67.96412463202809,1
Qwen/Qwen3.5-4B,0,4,5,raw,0.1595129100830121,0.5643726454282753,0.022568501463644624,55.64126197633788,88.70681032207101,72.17403614920444,1
Qwen/Qwen3.5-4B,0,4,5,label_residualized,0.1675248030935339,0.5759719899957383,0.05749672101448029,54.83227029867595,86.70386274423554,70.76806652145575,1
Qwen/Qwen3.5-4B,0,4,6,raw,0.14569189032885035,0.45600949603411695,0.288858304683129,62.87009419100213,73.21038326546234,68.04023872823224,0
Qwen/Qwen3.5-4B,0,4,6,label_residualized,0.15371194026070298,0.4508303247101326,0.32276291429339016,63.20303079002852,71.16990321153348,67.186467000781,0
Qwen/Qwen3.5-4B,0,4,7,raw,0.2312550198823787,0.64623947861501,0.2118598028040182,49.74132894908711,77.76863625651318,63.75498260280014,1
Qwen/Qwen3.5-4B,0,4,7,label_residualized,0.2433983267748806,0.6540789153803525,0.24285268375009353,49.15015471225788,75.94503055247594,62.547592632366914,1
Qwen/Qwen3.5-4B,0,4,8,raw,0.2556439857727252,0.6355623618148374,0.3276407419564852,50.538293719254085,70.87435946449703,60.70632659187556,1
Qwen/Qwen3.5-4B,0,4,8,label_residualized,0.2937248075054075,0.6894151759185042,0.33489749211374065,46.416167212751674,70.43369538467076,58.424931298711215,1
Qwen/Qwen3.5-4B,0,4,9,raw,0.1922332236769656,0.5965649002838416,0.16904664179823675,53.37572912669297,80.26760656765985,66.82166784717641,1
Qwen/Qwen3.5-4B,0,4,9,label_residualized,0.2627325289478412,0.7002012690911804,0.18757196128095163,45.55684592077701,79.18887957337165,62.37286274707433,1
Qwen/Qwen3.5-4B,0,5,6,raw,0.3903210046522139,0.7412400552596276,0.480838007839576,42.16284334770873,61.2598520618423,51.71134770477552,1
Qwen/Qwen3.5-4B,0,5,6,label_residualized,0.41182226150217044,0.7526874293664437,0.5070563643995366,41.176289335713086,59.5320461951421,50.35416776542759,2
Qwen/Qwen3.5-4B,0,5,7,raw,0.17849966965199196,0.5090833059377813,0.31278351446238867,59.3972115158684,71.7729416763922,65.58507659613029,1
Qwen/Qwen3.5-4B,0,5,7,label_residualized,0.20035064264983643,0.5458642078353109,0.32052075112853673,56.91625962715635,71.30557937834377,64.11091950275005,1
Qwen/Qwen3.5-4B,0,5,8,raw,0.09941624451563298,0.44386652230183876,0.04260280989485592,63.64915802847062,87.55829980336989,75.60372891592026,0
Qwen/Qwen3.5-4B,0,5,8,label_residualized,0.1662897130019426,0.5711920174270917,0.07949279987177556,55.1666093505879,85.44058753905618,70.30359844482204,1
Qwen/Qwen3.5-4B,0,5,9,raw,0.12553352986611346,0.4283326907409418,0.25999647262001774,64.63820503987338,74.93014715718542,69.7841760985294,0
Qwen/Qwen3.5-4B,0,5,9,label_residualized,0.14636858851286172,0.4767056863914141,0.2559079240426411,61.52953468814668,75.17260943300717,68.35107206057693,0
Qwen/Qwen3.5-4B,0,6,7,raw,0.06668778970261745,0.3568513194628516,0.07767055557195862,69.09304979100837,85.54531832271272,77.31918405686054,0
Qwen/Qwen3.5-4B,0,6,7,label_residualized,0.07017249369736397,0.351779594020043,0.12882586939672355,69.40379827341299,82.59825092401955,76.00102459871627,0
Qwen/Qwen3.5-4B,0,6,8,raw,0.09657786256876048,0.4394576822310804,0.005715825890258931,63.93071574720217,89.67250551679626,76.80161063199921,0
Qwen/Qwen3.5-4B,0,6,8,label_residualized,0.15784730995965926,0.5550160008851779,0.0874749031479474,56.28818311039408,84.98164334686643,70.63491322863025,1
Qwen/Qwen3.5-4B,0,6,9,raw,0.10732901970579267,0.4630853978687356,0.01448977889203918,62.41361749847503,89.16976776995966,75.79169263421734,0
Qwen/Qwen3.5-4B,0,6,9,label_residualized,0.12040675059061738,0.48954905068389465,0.03398864745370596,60.68905370487558,88.05221880477514,74.37063625482536,0
Qwen/Qwen3.5-4B,0,7,8,raw,0.3159203465724517,0.7812014596989034,0.14685017027298924,38.629288076051594,81.55556683218464,60.092427454118116,1
Qwen/Qwen3.5-4B,0,7,8,label_residualized,0.3534841725649502,0.8281429442585446,0.14542217507893812,34.091556601096244,81.63827282910158,57.86491471509891,1
Qwen/Qwen3.5-4B,0,7,9,raw,0.5626929248971457,0.911754500656707,0.5423002676806735,24.251052225119302,57.15963425691623,40.705343241017765,2
Qwen/Qwen3.5-4B,0,7,9,label_residualized,0.5707917053128029,0.9225418626233075,0.5389804470786712,22.699439788314017,57.38573960008826,40.04258969420114,2
Qwen/Qwen3.5-4B,0,8,9,raw,0.3816405920084363,0.801459519649977,0.34776978359153177,36.73029689024004,69.64903435483122,53.18966562253563,1
Qwen/Qwen3.5-4B,0,8,9,label_residualized,0.4059024719467876,0.8481299931476951,0.30410599898204216,31.991144061552685,72.29561324358167,52.14337865256718,1
Qwen/Qwen3.5-4B,8,1,2,raw,0.15872156033399143,0.5517945274198748,0.11386799452638074,56.50978764045137,83.46166297756193,69.98572530900665,1
Qwen/Qwen3.5-4B,8,1,2,label_residualized,0.2022219533718929,0.6236073295698144,0.12473093141074004,51.41995800525855,82.83478231927103,67.12737016226478,1
Qwen/Qwen3.5-4B,8,1,3,raw,0.232160622414426,0.6802219309653488,0.040241389919140544,47.13901205318675,87.69371545559903,67.41636375439289,1
Qwen/Qwen3.5-4B,8,1,3,label_residualized,0.21535134140221254,0.65627939693942,0.00018962398673051702,48.983268058685894,89.98913534580079,69.48620170224333,1
Qwen/Qwen3.5-4B,8,1,4,raw,0.22550349758125277,0.6711795285261848,0.02291365640559806,47.84183322383267,88.68702928491147,68.26443125437207,1
Qwen/Qwen3.5-4B,8,1,4,label_residualized,0.25369697899344984,0.708970098949118,0.06895909499824956,44.84881858548645,86.04579672345857,65.44730765447251,1
Qwen/Qwen3.5-4B,8,1,5,raw,0.2932444143729077,0.6684980290743261,0.3736297818289609,48.048752454396386,68.0603497194007,58.05455108689854,1
Qwen/Qwen3.5-4B,8,1,5,label_residualized,0.3153848765843037,0.6854700851639807,0.40112406498973924,46.72741209580488,66.35153196601271,56.5394720309088,1
Qwen/Qwen3.5-4B,8,1,6,raw,0.1415608442499568,0.4505636467504186,0.2830443229016925,63.22014730773212,73.55801624248777,68.38908177510994,0
Qwen/Qwen3.5-4B,8,1,6,label_residualized,0.2407459653271647,0.6126636622155907,0.32578392786463545,52.21764671050427,70.9869242215129,61.60228546600858,1
Qwen/Qwen3.5-4B,8,1,7,raw,0.09872116106469529,0.4196153787307725,0.14616858780880718,65.18969287401416,81.59504462536394,73.39236874968904,0
Qwen/Qwen3.5-4B,8,1,7,label_residualized,0.11444691807826836,0.4021080734548723,0.25923528582920136,66.2899693587143,74.97530844086518,70.63263889978974,0
Qwen/Qwen3.5-4B,8,1,8,raw,0.4398870302197306,0.9121333571171609,0.21860191964765305,24.198149219581303,77.37306972218835,50.78560947088482,1
Qwen/Qwen3.5-4B,8,1,8,label_residualized,0.4392772785792453,0.9052083749162332,0.24321257192012666,25.1486377073985,75.92377314183689,50.53620542461769,1
Qwen/Qwen3.5-4B,8,1,9,raw,0.13136263283169386,0.5088378128210018,0.06171989879226012,59.41355199635702,86.46146127135898,72.937506633858,1
Qwen/Qwen3.5-4B,8,1,9,label_residualized,0.1465561808364097,0.5354122341923445,0.08028761517184,57.62812756065966,85.39490194937869,71.51151475501918,1
Qwen/Qwen3.5-4B,8,2,3,raw,0.558036386320238,0.895103755695197,0.5611256892896895,26.478239999230052,55.86631754383769,41.17227877153387,2
Qwen/Qwen3.5-4B,8,2,3,label_residualized,0.6102764879960852,0.8966922275968318,0.6453650323341064,26.27337480208084,49.80695014181476,38.0401624719478,2
Qwen/Qwen3.5-4B,8,2,4,raw,0.6664222959392705,0.9222767365836859,0.6944423756044035,22.738771912881166,46.01720160627367,34.37798675957742,2
Qwen/Qwen3.5-4B,8,2,4,label_residualized,0.6737487985628432,0.929617864705338,0.6952037275118527,21.624674758806922,45.95654611767718,33.79061043824205,2
Qwen/Qwen3.5-4B,8,2,5,raw,0.320999200863096,0.7769702171817368,0.19574392286545417,39.01599768553508,78.71181523517437,58.86390646035473,1
Qwen/Qwen3.5-4B,8,2,5,label_residualized,0.3326015969508643,0.7821874615782066,0.23105403881250403,38.5387040455096,76.64086464812475,57.58978434681717,1
Qwen/Qwen3.5-4B,8,2,6,raw,0.0967371775318938,0.4330837568451728,0.07689482830892368,64.33657710701382,85.58989754871969,74.96323732786675,0
Qwen/Qwen3.5-4B,8,2,6,label_residualized,0.26045033435628306,0.7152930248511139,0.09621100411028827,44.33278124124167,84.4789754624387,64.40587835184019,1
Qwen/Qwen3.5-4B,8,2,7,raw,0.06845714207639676,0.360686147164491,0.08258200407127847,68.85765935601466,85.26300504616562,77.06033220109015,0
Qwen/Qwen3.5-4B,8,2,7,label_residualized,0.12923452245900943,0.4919071699826328,0.12843823822248596,60.533988416681794,82.62064660909554,71.57731751288867,0
Qwen/Qwen3.5-4B,8,2,8,raw,0.28404737985322603,0.746267263808057,0.10573519127938444,41.73193693507186,83.93047428245092,62.83120560876139,1
Qwen/Qwen3.5-4B,8,2,8,label_residualized,0.29349169987959517,0.7308837810484355,0.22976574670636382,43.039464211677526,76.71671932624712,59.87809176896232,1
Qwen/Qwen3.5-4B,8,2,9,raw,0.38964920694945254,0.810253774167328,0.3504100959540203,35.879266747870936,69.4875995395043,52.68343314368762,1
Qwen/Qwen3.5-4B,8,2,9,label_residualized,0.4132147778558031,0.8236895772406401,0.3846622363278489,34.544141425708005,67.37722691537077,50.96068417053939,1
Qwen/Qwen3.5-4B,8,3,4,raw,0.6497940214327184,0.9683157611750269,0.6016249907753708,14.461477953161745,53.01363209768633,33.73755502542404,2
Qwen/Qwen3.5-4B,8,3,4,label_residualized,0.6531973306845238,0.9667949410072895,0.6096738500311123,14.806379373495831,52.43407606635508,33.62022771992546,2
Qwen/Qwen3.5-4B,8,3,5,raw,0.2686191547827285,0.696831587031897,0.22729726984736287,45.8266486909485,76.86199723574812,61.34432296334831,1
Qwen/Qwen3.5-4B,8,3,5,label_residualized,0.2978504833850233,0.735649218654856,0.233497738452745,42.63789726649679,76.49691386714686,59.567405566821826,1
Qwen/Qwen3.5-4B,8,3,6,raw,0.0736959642828615,0.38389086952884,0.004441717923750034,67.42509866674317,89.74550747236901,78.58530306955609,0
Qwen/Qwen3.5-4B,8,3,6,label_residualized,0.16135523795674325,0.5679697239451418,0.0109940254304762,55.39123056615093,89.37007605286918,72.38065330951005,1
Qwen/Qwen3.5-4B,8,3,7,raw,0.07557025926054876,0.3639213824363121,0.13675432690317696,68.65878219437536,82.1399236314406,75.39935291290797,0
Qwen/Qwen3.5-4B,8,3,7,label_residualized,0.1737679270166628,0.54578224085887,0.22283985190354988,56.92186454398948,77.12411387509275,67.02298920954111,1
Qwen/Qwen3.5-4B,8,3,8,raw,0.3202946482175686,0.7567375014904273,0.2606485186475512,40.82257871727486,74.8914535831445,57.857016150209674,1
Qwen/Qwen3.5-4B,8,3,8,label_residualized,0.31410395005681835,0.722233146316212,0.32647692487497754,43.76083775577927,70.94492193210262,57.35287984394094,1
Qwen/Qwen3.5-4B,8,3,9,raw,0.3700901585873012,0.7390077897678786,0.44050857407886784,42.35303706283595,63.863665336775,53.108351199805476,1
Qwen/Qwen3.5-4B,8,3,9,label_residualized,0.40672240623839373,0.7728607289499936,0.46489902787989573,39.38852054643215,62.29631249641818,50.842416521425164,1
Qwen/Qwen3.5-4B,8,4,5,raw,0.37175732039940146,0.8436974945357666,0.17801454579014891,32.46734941360829,79.74586597889683,56.10660769625256,1
Qwen/Qwen3.5-4B,8,4,5,label_residualized,0.37602572030492837,0.84841150802341,0.17958105040148295,31.96068569734699,79.65464186576295,55.80766378155497,1
Qwen/Qwen3.5-4B,8,4,6,raw,0.06453839368323983,0.35628170655107844,0.04626157091507907,69.12798232507681,87.34846088443022,78.23822160475352,0
Qwen/Qwen3.5-4B,8,4,6,label_residualized,0.3117257184515011,0.7874268671775836,0.05839833687613269,38.05430574156249,86.65211700686909,62.35321137421579,1
Qwen/Qwen3.5-4B,8,4,7,raw,0.08046688195852555,0.3815584266430537,0.12388273073648527,67.56975135365255,82.88376052306884,75.2267559383607,0
Qwen/Qwen3.5-4B,8,4,7,label_residualized,0.1153705566074046,0.4638973763481871,0.12466088974525107,62.36111454382669,82.83882697964454,72.59997076173562,0
Qwen/Qwen3.5-4B,8,4,8,raw,0.3287013327096013,0.7863226805659894,0.19773544812885616,38.156823939235764,78.59543465065772,58.37612929494674,1
Qwen/Qwen3.5-4B,8,4,8,label_residualized,0.35595822368446334,0.8042814414951136,0.25504472203021344,36.459082873883375,75.2237648434871,55.84142385868524,1
Qwen/Qwen3.5-4B,8,4,9,raw,0.37727647005681564,0.7597083873228726,0.42118417152703097,40.561503299628825,65.0906282175829,52.826065758605864,1
Qwen/Qwen3.5-4B,8,4,9,label_residualized,0.3958621479898386,0.7896686378169336,0.4100582134624616,37.84544403938308,65.79150826782774,51.81847615360541,1
Qwen/Qwen3.5-4B,8,5,6,raw,0.06728492581717832,0.36218163792062785,0.05826073109297422,68.76576153335246,86.66001468420443,77.71288810877844,0
Qwen/Qwen3.5-4B,8,5,6,label_residualized,0.34170556999385737,0.8221270904150904,0.08670748060768818,34.70170597714542,85.02578112905168,59.86374355309855,1
Qwen/Qwen3.5-4B,8,5,7,raw,0.0418415923010697,0.28366658723281385,0.05671377160644337,73.52083942842862,86.74879576537165,80.13481759690013,0
Qwen/Qwen3.5-4B,8,5,7,label_residualized,0.060352439997452136,0.3450063499235829,0.040932853642404635,69.81781660981854,87.65406482978982,78.73594071980418,0
Qwen/Qwen3.5-4B,8,5,8,raw,0.36232929007214637,0.787122958583728,0.3241851758095848,38.08254547575761,71.08378357251046,54.583164524134034,1
Qwen/Qwen3.5-4B,8,5,8,label_residualized,0.3888075330336648,0.8014836587560381,0.3677485701051252,36.7279841930442,68.42316738663385,52.57557578983902,1
Qwen/Qwen3.5-4B,8,5,9,raw,0.19990897114870174,0.5512042626412061,0.3098254397940358,56.55033029686933,71.95128899928604,64.25080964807768,1
Qwen/Qwen3.5-4B,8,5,9,label_residualized,0.20160765934732133,0.5505489120908895,0.3164035620693621,56.59532121533023,71.55443363691512,64.07487742612267,1
Qwen/Qwen3.5-4B,8,6,7,raw,0.10228709151093147,0.4521019434065534,0.013342255801794933,63.12137736137809,89.23552237071426,76.17844986604618,0
Qwen/Qwen3.5-4B,8,6,7,label_residualized,0.06343080908949891,0.35443328213690234,0.035194696939465496,69.24128444353632,87.98307587511248,78.6121801593244,0
Qwen/Qwen3.5-4B,8,6,8,raw,0.09136879495718583,0.4268674362795682,0.022842542732376608,64.73107659043775,88.69110486498768,76.71109072771272,0
Qwen/Qwen3.5-4B,8,6,8,label_residualized,0.26717775326187365,0.7307972419611483,0.01705572237479876,43.04672864214486,89.0227317066272,66.03473017438603,1
Qwen/Qwen3.5-4B,8,6,9,raw,0.03609491509164784,0.25627210215804486,0.08071207988146689,75.15102374459384,85.37050272805776,80.2607632363258,0
Qwen/Qwen3.5-4B,8,6,9,label_residualized,0.0917382697117241,0.42706540550737515,0.03304056358885871,64.71853295537935,88.10657054419441,76.41255174978687,0
Qwen/Qwen3.5-4B,8,7,8,raw,0.028804349140080638,0.23789694745298415,0.03183929447574771,76.23755032859054,88.17543444255593,82.20649238557323,0
Qwen/Qwen3.5-4B,8,7,8,label_residualized,0.09412362428541464,0.4209791454382847,0.10499432211734515,65.10357952431231,83.97316056676848,74.5383700455404,0
Qwen/Qwen3.5-4B,8,7,9,raw,0.2601796667513402,0.6475815055216946,0.3178010811953538,49.640495034404516,71.47000439897818,60.55524971669135,1
Qwen/Qwen3.5-4B,8,7,9,label_residualized,0.2691338019610175,0.665170669408734,0.3095409253723515,48.3045799839687,71.96843329177656,60.13650663787263,1
Qwen/Qwen3.5-4B,8,8,9,raw,0.21959016546686033,0.5576602303956864,0.35804384978484216,56.10585897058365,69.01988935406538,62.56287416232452,1
Qwen/Qwen3.5-4B,8,8,9,label_residualized,0.248177422564539,0.5700480159649404,0.41400495724509523,55.24642587939339,65.5433304796807,60.394878179537045,1
Qwen/Qwen3.5-4B,16,1,2,raw,0.14434872466847073,0.535899394593892,0.038849558695582216,57.59507328266072,87.77352394543277,72.68429861404675,1
Qwen/Qwen3.5-4B,16,1,2,label_residualized,0.14292173270248826,0.5325214779934649,0.04758509094907962,57.824020224661616,87.27254514514347,72.54828268490255,1
Qwen/Qwen3.5-4B,16,1,3,raw,0.028077856144699074,0.23336687422710706,0.041177837520537,76.50462486632081,87.64001644292667,82.07232065462374,0
Qwen/Qwen3.5-4B,16,1,3,label_residualized,0.05369203506852928,0.2692014759610921,0.18685458377419617,74.38324444675148,79.23072208305294,76.80698326490221,0
Qwen/Qwen3.5-4B,16,1,4,raw,0.01198398721070651,0.15464011163042019,0.007376333529891608,81.10407548895591,89.57736338776674,85.34071943836133,0
Qwen/Qwen3.5-4B,16,1,4,label_residualized,0.042378948823236035,0.2638605469431253,0.12302645818419243,74.70074269205968,82.9331995254132,78.81697110873644,0
Qwen/Qwen3.5-4B,16,1,5,raw,0.05992428215302575,0.344472856788769,0.03445308755156418,69.85037968545006,88.02559275206777,78.93798621875891,0
Qwen/Qwen3.5-4B,16,1,5,label_residualized,0.06284974190068535,0.35354308535392315,0.02658515750939402,69.29582015814687,88.476603192394,78.88621167527043,0
Qwen/Qwen3.5-4B,16,1,6,raw,0.032341117089105,0.2456739050453034,0.06577664143144775,75.77833709094585,86.22855314487924,81.00344511791255,0
Qwen/Qwen3.5-4B,16,1,6,label_residualized,0.03584560453119484,0.2620089634971279,0.055158971251740976,74.81069961531398,86.83801896636372,80.82435929083886,0
Qwen/Qwen3.5-4B,16,1,7,raw,0.026299953818348154,0.22795747457469268,0.025205107066319975,76.82315049806242,88.55570078879427,82.68942564342834,0
Qwen/Qwen3.5-4B,16,1,7,label_residualized,0.02738449071353841,0.23308079999417577,0.021031455041243617,76.52148054017479,88.7948975374056,82.6581890387902,0
Qwen/Qwen3.5-4B,16,1,8,raw,0.4752067010368006,0.7577318747891023,0.613396941630942,40.735349073731946,52.16446865812306,46.449908865927505,2
Qwen/Qwen3.5-4B,16,1,8,label_residualized,0.5529037528168134,0.7910970914439371,0.6928007632375773,37.7118450967062,46.147775489869275,41.92981029328774,2
Qwen/Qwen3.5-4B,16,1,9,raw,0.013352212443366191,0.16101062538166205,0.027928540974037054,80.73443861160963,88.399604375893,84.56702149375133,0
Qwen/Qwen3.5-4B,16,1,9,label_residualized,0.009144200374488968,0.13170537998014478,0.030693543836833374,82.43184917199474,88.24111323342541,85.33648120271008,0
Qwen/Qwen3.5-4B,16,2,3,raw,0.031148160449091935,0.23556659554379614,0.08249060529593313,76.37497601438673,85.26825973895166,80.8216178766692,0
Qwen/Qwen3.5-4B,16,2,3,label_residualized,0.051813242224072034,0.3007328130289709,0.11483144001459747,72.49837712031302,83.40609713411637,77.95223712721469,0
Qwen/Qwen3.5-4B,16,2,4,raw,0.03590556533381699,0.2476356611981314,0.10240952089819699,75.6623532136522,84.12206162231928,79.89220741798573,0
Qwen/Qwen3.5-4B,16,2,4,label_residualized,0.052355835205248856,0.2980251377115702,0.12606620364910393,72.66097313876831,82.75766814452186,77.70932064164509,0
Qwen/Qwen3.5-4B,16,2,5,raw,0.07119588872053839,0.3651701350426295,0.09509232310772775,68.58194652231366,84.54336640695963,76.56265646463665,0
Qwen/Qwen3.5-4B,16,2,5,label_residualized,0.07414959778108152,0.3811293504141831,0.05513269279679562,67.59634522321038,86.83952690553897,77.21793606437467,0
Qwen/Qwen3.5-4B,16,2,6,raw,0.053135008134005,0.3155165611807679,0.08197143336963658,71.60799907045761,85.29810718400942,78.45305312723352,0
Qwen/Qwen3.5-4B,16,2,6,label_residualized,0.0903338239749146,0.392290819632878,0.16363239526937812,66.90288381230462,80.58220325731621,73.74254353481041,0
Qwen/Qwen3.5-4B,16,2,7,raw,0.03643883368335334,0.2672813932078239,0.03792524504326006,74.49744226096196,87.82652228192855,81.16198227144525,0
Qwen/Qwen3.5-4B,16,2,7,label_residualized,0.044929508754631454,0.2968514807364709,0.04169191640867058,72.73140647510265,87.61053657486076,80.1709715249817,0
Qwen/Qwen3.5-4B,16,2,8,raw,0.09326968166955558,0.41157255877476423,0.130948051542222,65.69634116724094,82.47561998915181,74.08598057819637,0
Qwen/Qwen3.5-4B,16,2,8,label_residualized,0.10735460684107204,0.46130658358690263,0.043651456121463796,62.528548862258326,87.49816084386266,75.01335485306049,0
Qwen/Qwen3.5-4B,16,2,9,raw,0.019414203489528836,0.1970443269083181,0.0013929150388774733,78.63582771150865,89.92019182124453,84.27800976637658,0
Qwen/Qwen3.5-4B,16,2,9,label_residualized,0.00663083381563346,0.11353142001701275,0.019294670253403076,83.48107314835484,88.89442822231034,86.18775068533259,0
Qwen/Qwen3.5-4B,16,3,4,raw,0.46625142457192137,0.9621999918257923,0.08169470530143262,15.80378764593288,85.31401589145334,50.55890176869311,1
Qwen/Qwen3.5-4B,16,3,4,label_residualized,0.2999727990042766,0.7745605178105736,0.001265803132152799,39.23479542042535,89.92747480346586,64.5811351119456,1
Qwen/Qwen3.5-4B,16,3,5,raw,0.007645832536839021,0.12306647959849618,0.01209572953198634,82.93088890869932,89.30694884731678,86.11891887800805,0
Qwen/Qwen3.5-4B,16,3,5,label_residualized,0.14485103254173456,0.528210434488571,0.10342051044577281,58.1153793479356,84.06382696840849,71.08960315817205,1
Qwen/Qwen3.5-4B,16,3,6,raw,0.027823708534579474,0.22096623863935777,0.08259139453195681,77.23420883319784,85.2624651681148,81.24833700065632,0
Qwen/Qwen3.5-4B,16,3,6,label_residualized,0.07799344143651886,0.3416174233805012,0.19820297403395615,70.02455308687955,78.56810651730892,74.29632980209423,0
Qwen/Qwen3.5-4B,16,3,7,raw,0.001967067990713765,0.05328928084346426,0.0330815436250173,86.94530218770642,88.10422127681333,87.52476173225988,0
Qwen/Qwen3.5-4B,16,3,7,label_residualized,0.014701879912927093,0.15848590298042387,0.06546738411097437,80.88097646278558,86.24631055936807,83.56364351107683,0
Qwen/Qwen3.5-4B,16,3,8,raw,0.1822900560166148,0.601008403230961,0.05804318460422516,53.05784660286277,86.67250030876772,69.86517345581524,1
Qwen/Qwen3.5-4B,16,3,8,label_residualized,0.09454288475104014,0.4303361574522086,0.06242244060711022,64.51110457232102,86.42113082143092,75.46611769687597,0
Qwen/Qwen3.5-4B,16,3,9,raw,0.06707756212974315,0.35972847818909176,0.06892420648253016,68.91647811940784,86.04780045565522,77.48213928753154,0
Qwen/Qwen3.5-4B,16,3,9,label_residualized,0.01441721570887085,0.1649815205432507,0.04019364747044802,80.5038390386574,87.69645311131798,84.10014607498769,0
Qwen/Qwen3.5-4B,16,4,5,raw,0.009355042792813052,0.13456135222985918,0.024562737463439975,82.26674421341589,88.59251725688124,85.42963073514856,0
Qwen/Qwen3.5-4B,16,4,5,label_residualized,0.18987244592723296,0.5996545461950837,0.14198350989475553,53.154839656123244,81.83736028863576,67.49609997237951,1
Qwen/Qwen3.5-4B,16,4,6,raw,0.025388411006956237,0.2240767120433445,0.02380019188486815,77.05140853986579,88.63622068078995,82.84381461032787,0
Qwen/Qwen3.5-4B,16,4,6,label_residualized,0.09162397082235553,0.3848759352637564,0.18739918916462753,67.36396161040278,79.1989573928517,73.28145950162724,0
Qwen/Qwen3.5-4B,16,4,7,raw,0.026927438961073778,0.2300648662101811,0.030414392281270835,76.699109279157,88.25711491034224,82.47811209474962,0
Qwen/Qwen3.5-4B,16,4,7,label_residualized,0.02698131356498105,0.2197252124400124,0.07538871366559802,77.30710608265234,85.67644281034353,81.49177444649794,0
Qwen/Qwen3.5-4B,16,4,8,raw,0.17478895019861238,0.5781632115191611,0.1237141917609883,54.67854384446132,82.89349195524774,68.78601789985453,1
Qwen/Qwen3.5-4B,16,4,8,label_residualized,0.11681920962364761,0.40413542334150604,0.26516594586763387,66.16304033943116,74.6231864416207,70.39311339052594,0
Qwen/Qwen3.5-4B,16,4,9,raw,0.043661620143999,0.29384246832213234,0.03130246153826636,72.91186031374589,88.20620804470902,80.55903417922745,0
Qwen/Qwen3.5-4B,16,4,9,label_residualized,0.027850530769196108,0.23544972452076843,0.016263110449310544,76.38186603057375,89.06815132917058,82.72500867987216,0
Qwen/Qwen3.5-4B,16,5,6,raw,0.07170533604834131,0.35262668481487625,0.13807640367981974,69.35194069574467,82.06344872774007,75.70769471174236,0
Qwen/Qwen3.5-4B,16,5,6,label_residualized,0.0825782723695385,0.3989074958789756,0.07764891802621635,66.49010148074699,85.54656181821596,76.01833164948147,0
Qwen/Qwen3.5-4B,16,5,7,raw,0.0043901104370071805,0.0864137027011391,0.036233863435928354,85.04267677961215,87.92349800976143,86.48308739468679,0
Qwen/Qwen3.5-4B,16,5,7,label_residualized,0.006001076665106254,0.0883655954666068,0.06475858914495056,84.93041204205646,86.28700788420744,85.60870996313196,0
Qwen/Qwen3.5-4B,16,5,8,raw,0.04663570027080855,0.3049491305059987,0.01665618039204912,72.24489649685559,89.04562702890549,80.64526176288054,0
Qwen/Qwen3.5-4B,16,5,8,label_residualized,0.09261916783768001,0.3746275535566666,0.2118785779438472,67.99870475194125,77.7675355316215,72.88312014178138,0
Qwen/Qwen3.5-4B,16,5,9,raw,0.014551211057278747,0.16961661748671064,0.018238014884421512,80.23447085731235,88.95498078167962,84.59472581949598,0
Qwen/Qwen3.5-4B,16,5,9,label_residualized,0.008194070710658984,0.11517920027872573,0.05587390486149283,83.38603884938179,86.79699301569404,85.09151593253792,0
Qwen/Qwen3.5-4B,16,6,7,raw,0.006064903942992439,0.10922948942509571,0.014097039615386726,83.72909907183599,89.19227237208555,86.46068572196077,0
Qwen/Qwen3.5-4B,16,6,7,label_residualized,0.006349629657306194,0.09311389248630395,0.0634748953576248,84.65722741393274,86.36070977419475,85.50896859406375,0
Qwen/Qwen3.5-4B,16,6,8,raw,0.03930934454187042,0.27528847073560264,0.05324422000362188,74.02079413248401,86.9478876541888,80.48434089333641,0
Qwen/Qwen3.5-4B,16,6,8,label_residualized,0.039615453122254285,0.24116055265941325,0.14516368032505564,76.04495276480147,81.6532423337359,78.84909754926869,0
Qwen/Qwen3.5-4B,16,6,9,raw,0.007199042942467808,0.11985937482594783,0.005640580756319184,83.1160132263632,89.6768168149039,86.39641502063355,0
Qwen/Qwen3.5-4B,16,6,9,label_residualized,0.009483192893662338,0.13764209938069324,0.004586748892193783,82.08857241657732,89.7371977253015,85.91288507093941,0
Qwen/Qwen3.5-4B,16,7,8,raw,0.012920730526596279,0.1583152568902429,0.027887999013356257,80.89087878099758,88.40192816427596,84.64640347263676,0
Qwen/Qwen3.5-4B,16,7,8,label_residualized,0.008051709639184123,0.12554092821377505,0.018517414009305493,82.78800523339254,88.93896968694696,85.86348746016975,0
Qwen/Qwen3.5-4B,16,7,9,raw,0.44890953228401287,0.8953619614055044,0.31007422117311495,26.445039492002767,71.93629654131566,49.19066801665921,1
Qwen/Qwen3.5-4B,16,7,9,label_residualized,0.5627786785716041,0.8951960806015572,0.5693692425999305,26.466373152149227,55.29374717358772,40.880060162868475,2
Qwen/Qwen3.5-4B,16,8,9,raw,0.08013616868054386,0.3932156932913177,0.07519146168625858,66.8452622031193,85.68777668551955,76.26651944431943,0
Qwen/Qwen3.5-4B,16,8,9,label_residualized,0.020465623014020336,0.1931195843746567,0.06029985206449945,78.86510416339215,86.54297581085332,82.70403998712274,0
Qwen/Qwen3.5-4B,24,1,2,raw,0.028252085654712447,0.23511120579343228,0.0350270212804804,76.40182193684578,87.99268890988009,82.19725542336293,0
Qwen/Qwen3.5-4B,24,1,2,label_residualized,0.01600730430707044,0.17094643786517477,0.05283866004497861,80.1571484978832,86.97115728469862,83.56415289129092,0
Qwen/Qwen3.5-4B,24,1,3,raw,0.14452426325281076,0.5159156301723685,0.15126000479131757,58.941323361159135,81.30004726602685,70.12068531359299,1
Qwen/Qwen3.5-4B,24,1,3,label_residualized,0.0923254725704371,0.4088386900469087,0.13229463580055661,65.86809601995614,82.39778926603117,74.13294264299365,0
Qwen/Qwen3.5-4B,24,1,4,raw,0.09150429775535245,0.4277281022088453,0.007567436258371357,64.67653402767793,89.56641370229514,77.12147386498654,0
Qwen/Qwen3.5-4B,24,1,4,label_residualized,0.05551839735873376,0.3214087031006763,0.08793884402588437,71.25186131436537,84.9549586583011,78.10340998633323,0
Qwen/Qwen3.5-4B,24,1,5,raw,0.1179967799035323,0.48061036168845306,0.07076185444686234,61.274726713832095,85.94225322096558,73.60848996739884,0
Qwen/Qwen3.5-4B,24,1,5,label_residualized,0.021632795132023944,0.1950605384939077,0.07222864104020402,78.75173989659388,85.85799691512167,82.30486840585777,0
Qwen/Qwen3.5-4B,24,1,6,raw,0.14880295775594987,0.5443504134369839,0.035896279791706516,57.01971566879662,87.94285271922863,72.48128419401263,1
Qwen/Qwen3.5-4B,24,1,6,label_residualized,0.02343659010831469,0.2004153426050012,0.08189548623183925,78.43875181800485,85.30247331426726,81.87061256613606,0
Qwen/Qwen3.5-4B,24,1,7,raw,0.01156902086897485,0.15209284035092166,0.002410321957489535,81.25177075237684,89.86189859084773,85.55683467161228,0
Qwen/Qwen3.5-4B,24,1,7,label_residualized,0.0084242814809635,0.11963249262054063,0.050364964720758944,83.1291068333606,87.11307869946435,85.12109276641247,0
Qwen/Qwen3.5-4B,24,1,8,raw,0.2979528421936055,0.711579009554781,0.29926743482752655,44.63646646530941,72.58639111569458,58.611428790501996,1
Qwen/Qwen3.5-4B,24,1,8,label_residualized,0.21627288661897587,0.6259366629614459,0.20186398192506022,51.249030906475284,78.35401917324634,64.80152503986082,1
Qwen/Qwen3.5-4B,24,1,9,raw,0.03469182475125905,0.2558419507545131,0.06267811210178066,75.17651959364609,86.40645318225965,80.79148638795287,0
Qwen/Qwen3.5-4B,24,1,9,label_residualized,0.00804447577860517,0.11462791837886013,0.054308304018259694,83.41783557678949,86.88683178095079,85.15233367887014,0
Qwen/Qwen3.5-4B,24,2,3,raw,0.0331430218167077,0.2573318141098722,0.008147458520150913,75.08819985972346,89.5331798482693,82.31068985399638,0
Qwen/Qwen3.5-4B,24,2,3,label_residualized,0.020953291819254347,0.1840989426747703,0.0895218573564039,79.39139666601403,84.86389949964536,82.1276480828297,0
Qwen/Qwen3.5-4B,24,2,4,raw,0.02513310175713538,0.22233295447219162,0.02888357439682859,77.15390431262502,88.34486289936854,82.74938360599677,0
Qwen/Qwen3.5-4B,24,2,4,label_residualized,0.023204754487701273,0.2140016457960537,0.024754889860044114,77.64303734226334,88.5815043867795,83.11227086452142,0
Qwen/Qwen3.5-4B,24,2,5,raw,0.1327791272881892,0.5062362040091767,0.0963491584122957,59.586551227621726,84.47102285844709,72.02878704303441,1
Qwen/Qwen3.5-4B,24,2,5,label_residualized,0.1151422914098523,0.45760182998291826,0.14451694715841795,62.767534084450084,81.69069232386654,72.22911320415831,0
Qwen/Qwen3.5-4B,24,2,6,raw,0.052600008099144516,0.2733053532857695,0.1746545162989774,74.13895029112837,79.94144627544874,77.04019828328856,0
Qwen/Qwen3.5-4B,24,2,6,label_residualized,0.0186534799624597,0.18710170504819212,0.047957396645134036,79.21630888692054,87.25118921793563,83.2337490524281,0
Qwen/Qwen3.5-4B,24,2,7,raw,0.0482940196136417,0.27216167177005124,0.15005353593505985,74.20706050413577,81.369970943923,77.78851572402938,0
Qwen/Qwen3.5-4B,24,2,7,label_residualized,0.04649135670428009,0.27083914835261486,0.14010306609132603,74.2857928401501,81.94618972042687,78.11599128028848,0
Qwen/Qwen3.5-4B,24,2,8,raw,0.0531200920781457,0.32587605840692824,0.006706617139489528,70.98134083585383,89.61573626244568,80.29853854914975,0
Qwen/Qwen3.5-4B,24,2,8,label_residualized,0.0407568886475998,0.28449113605264903,0.024053498761567635,73.47156624947034,88.62170310958894,81.04663467952963,0
Qwen/Qwen3.5-4B,24,2,9,raw,0.09736920708528021,0.4078404806779489,0.16853651382101156,65.93075082150341,80.29726022575502,73.11400552362922,0
Qwen/Qwen3.5-4B,24,2,9,label_residualized,0.09024270506821519,0.3864826547345054,0.1763988881081723,67.26418383145115,79.83992496678866,73.5520543991199,0
Qwen/Qwen3.5-4B,24,3,4,raw,0.5472809999998994,0.9625859818319422,0.40986610933381,15.722378594951378,65.80357572237685,40.762977158664114,1
Qwen/Qwen3.5-4B,24,3,4,label_residualized,0.2654100090875271,0.7285164298725074,0.00915584954388131,43.2378350975899,89.47540113362088,66.35661811560539,1
Qwen/Qwen3.5-4B,24,3,5,raw,0.1082508967265983,0.4648420543062328,0.020582954150410473,62.29999944466484,88.82060031025247,75.56029987745866,0
Qwen/Qwen3.5-4B,24,3,5,label_residualized,0.013114839170239085,0.16062384130160892,0.02072824030142743,80.75689195529038,88.81227425060862,84.78458310294951,0
Qwen/Qwen3.5-4B,24,3,6,raw,0.12019386100717874,0.47967217435103937,0.10150038013575903,61.3360066047385,84.17442441448732,72.75521550961291,0
Qwen/Qwen3.5-4B,24,3,6,label_residualized,0.009814419462465513,0.13762245345613647,0.02624688990422631,82.08970886022395,88.49599126434873,85.29285006228633,0
Qwen/Qwen3.5-4B,24,3,7,raw,0.00788212412831512,0.12486976503227776,0.013106869855689566,82.82676505875072,89.24901017149993,86.03788761512533,0
Qwen/Qwen3.5-4B,24,3,7,label_residualized,0.06767024637739621,0.36119399723049206,0.06985262428464463,68.82645840299992,85.99447750874538,77.41046795587265,0
Qwen/Qwen3.5-4B,24,3,8,raw,0.35019137081762347,0.6950976523187278,0.4660708051103823,45.96500065219177,62.22045524786265,54.09272795002721,1
Qwen/Qwen3.5-4B,24,3,8,label_residualized,0.14003862854811508,0.5087812299021673,0.14566714521630494,59.41731787049892,81.62408600831519,70.52070193940705,1
Qwen/Qwen3.5-4B,24,3,9,raw,0.15818687566203696,0.5601881540094857,0.050625916599293566,55.93118915605045,87.09810816008141,71.51464865806594,1
Qwen/Qwen3.5-4B,24,3,9,label_residualized,0.03019664476822317,0.21218135812747188,0.1239853249365741,77.74978388871551,82.87783663796858,80.31381026334205,0
Qwen/Qwen3.5-4B,24,4,5,raw,0.10253397583391566,0.44793226375298234,0.06651795815386974,63.38890266370725,86.18598559590487,74.78744412980606,0
Qwen/Qwen3.5-4B,24,4,5,label_residualized,0.019456036919410332,0.19286621851969565,0.041408883017218276,78.87989910014848,87.62676721033345,83.25333315524097,0
Qwen/Qwen3.5-4B,24,4,6,raw,0.12719438129225452,0.49660675505864055,0.08815040223751931,60.22424250006327,84.94279000906381,72.58351625456353,0
Qwen/Qwen3.5-4B,24,4,6,label_residualized,0.04692785065146717,0.2976768818289747,0.07241667851754154,72.68187543696187,85.8471948738244,79.26453515539313,0
Qwen/Qwen3.5-4B,24,4,7,raw,0.030908699890822552,0.2341113817151032,0.08372132782684674,76.46075243317024,85.19749974869022,80.82912609093023,0
Qwen/Qwen3.5-4B,24,4,7,label_residualized,0.03383725546558568,0.2521632809610086,0.06393896047130257,75.3944389869039,86.33406668008274,80.86425283349331,0
Qwen/Qwen3.5-4B,24,4,8,raw,0.27636510124772756,0.6681615684755546,0.32602196384253285,48.07466813852383,70.97249814753503,59.523583143029434,1
Qwen/Qwen3.5-4B,24,4,8,label_residualized,0.10039986120195035,0.44767595971095764,0.019645801097785194,63.40532657547183,88.87430609235543,76.13981633391363,0
Qwen/Qwen3.5-4B,24,4,9,raw,0.1231721337152938,0.49601321001433296,0.01775282855955076,60.26341523319703,88.98278441290701,74.62309982305202,0
Qwen/Qwen3.5-4B,24,4,9,label_residualized,0.006376612746511064,0.10603003615260509,0.03886974307220701,83.9134854149353,87.77236659166587,85.84292600330059,0
Qwen/Qwen3.5-4B,24,5,6,raw,0.353334741523117,0.8032531347465907,0.24789894022768513,36.55811354273927,75.64678294886163,56.102448245800446,1
Qwen/Qwen3.5-4B,24,5,6,label_residualized,0.28765764349584666,0.736582008531982,0.18100340245057425,42.55893666565468,79.57178939262724,61.065363029140954,1
Qwen/Qwen3.5-4B,24,5,7,raw,0.009792296092709974,0.11051324522002456,0.08585694390297541,83.65509725686391,85.07469570943884,84.36489648315137,0
Qwen/Qwen3.5-4B,24,5,7,label_residualized,0.00796927946324643,0.1249423554054994,0.018109852352206954,82.8225731077704,88.96232516686774,85.89244913731906,0
Qwen/Qwen3.5-4B,24,5,8,raw,0.11404284644701758,0.4746344536949433,0.05298894469356695,61.66444798496811,86.96253452883954,74.31349125690383,0
Qwen/Qwen3.5-4B,24,5,8,label_residualized,0.010473055973255978,0.12933976963037566,0.06494101892081237,82.56855819436457,86.27653337952326,84.42254578694391,0
Qwen/Qwen3.5-4B,24,5,9,raw,0.11249466084002835,0.44803663692777795,0.15573212144738527,63.382213775739935,81.04074064611456,72.21147721092724,0
Qwen/Qwen3.5-4B,24,5,9,label_residualized,0.05155693671508823,0.3002856429505137,0.11376469605274335,72.52523969646168,83.46762025568013,77.99642997607091,0
Qwen/Qwen3.5-4B,24,6,7,raw,0.001986089324674297,0.05029521423635083,0.037981180527573995,87.11708017916429,87.82331510403564,87.47019764159997,0
Qwen/Qwen3.5-4B,24,6,7,label_residualized,0.002439003979692177,0.06326089766361226,0.029598425400320393,86.37299563059184,88.30388743151492,87.33844153105338,0
Qwen/Qwen3.5-4B,24,6,8,raw,0.1328107379785274,0.48457454264192157,0.17552489447490738,61.01539863720575,79.89079483876498,70.45309673798536,0
Qwen/Qwen3.5-4B,24,6,8,label_residualized,0.021949731964298863,0.20829603034688923,0.022632447289798914,77.9774860633167,88.7031455600485,83.3403158116826,0
Qwen/Qwen3.5-4B,24,6,9,raw,0.08040268240924561,0.40041228817238683,0.021802850709130753,66.3960448692026,88.7506896800911,77.57336727464684,0
Qwen/Qwen3.5-4B,24,6,9,label_residualized,0.0031489449596522508,0.06972252439208541,0.03790329156814162,86.00194990213858,87.82778102844273,86.91486546529066,0
Qwen/Qwen3.5-4B,24,7,8,raw,0.01240785651706341,0.12786663157458467,0.0920099862183244,82.65366954927119,84.72074929135336,83.68720942031227,0
Qwen/Qwen3.5-4B,24,7,8,label_residualized,0.0203791078001993,0.19033483886606536,0.06731169819747186,79.027674348395,86.14040548104583,82.58403991472042,0
Qwen/Qwen3.5-4B,24,7,9,raw,0.38736201345149346,0.8486382492932343,0.23353190090328382,31.936134655229324,76.49490084950321,54.21551775236627,1
Qwen/Qwen3.5-4B,24,7,9,label_residualized,0.48205959878227683,0.8467896375488564,0.4970578510640689,32.13580924706689,60.19446085564938,46.165135051358135,1
Qwen/Qwen3.5-4B,24,8,9,raw,0.1378832001747169,0.5165392636311024,0.0946234087151394,58.899602883641144,84.57035491875023,71.73497890119569,1
Qwen/Qwen3.5-4B,24,8,9,label_residualized,0.010564317695600695,0.12124102293120453,0.08018260253818485,83.03626905881796,85.4009381911314,84.21860362497469,0
Qwen/Qwen3.5-4B,31,1,2,raw,0.006363442227142587,0.11089170557102025,0.020734369771838516,83.63327897181688,88.81192298233003,86.22260097707345,0
Qwen/Qwen3.5-4B,31,1,2,label_residualized,0.003103369448254013,0.07878267338165686,0.0001710887114972461,85.48140280000297,89.99019733886105,87.735800069432,0
Qwen/Qwen3.5-4B,31,1,3,raw,0.06043854156947648,0.34583938743839016,0.035667930065985225,69.76695648808284,87.95594457861866,78.86145053335075,0
Qwen/Qwen3.5-4B,31,1,3,label_residualized,0.06197665173875376,0.32885303577117675,0.12573378361279305,70.80082578202405,82.77686717761067,76.78884647981735,0
Qwen/Qwen3.5-4B,31,1,4,raw,0.030448691982211003,0.23850215579406844,0.06335696998755475,76.20184676113475,86.3674800274752,81.28466339430497,0
Qwen/Qwen3.5-4B,31,1,4,label_residualized,0.028596498172694124,0.18457505517655423,0.152069212373709,79.36364179633178,81.25314046824437,80.30839113228808,0
Qwen/Qwen3.5-4B,31,1,5,raw,0.0078054675368682104,0.10941648231740292,0.06032386319709536,83.71832056493956,86.54159756531254,85.12995906512606,0
Qwen/Qwen3.5-4B,31,1,5,label_residualized,0.011087485862253776,0.12756069006009127,0.07683255869682387,82.67134343693296,85.59347592090502,84.13240967891899,0
Qwen/Qwen3.5-4B,31,1,6,raw,0.0022982580207815797,0.06583425193107932,0.0161977564569399,86.22524513619447,89.07189633040807,87.64857073330127,0
Qwen/Qwen3.5-4B,31,1,6,label_residualized,0.006396765177861928,0.11304906654347327,0.0036659118065233576,83.50888904744112,89.78995825496192,86.64942365120152,0
Qwen/Qwen3.5-4B,31,1,7,raw,0.004849281469002373,0.07940957131724667,0.05824674172188399,85.44537130661482,86.66081757959554,86.05309444310518,0
Qwen/Qwen3.5-4B,31,1,7,label_residualized,0.004897944732747758,0.07643101798017851,0.06288234216383122,85.616550360717,86.39472853330892,86.00563944701295,0
Qwen/Qwen3.5-4B,31,1,8,raw,0.13786556022091315,0.4665704513594504,0.24092142777275957,62.18809360251807,76.05906985492999,69.12358172872403,0
Qwen/Qwen3.5-4B,31,1,8,label_residualized,0.14219424252088625,0.4700646299005997,0.2518486227045618,61.96150811717505,75.41306884293603,68.68728848005554,0
Qwen/Qwen3.5-4B,31,1,9,raw,0.0034185600713236637,0.07233272756844815,0.04006365766072774,85.85201755631978,87.70390698273516,86.77796226952748,0
Qwen/Qwen3.5-4B,31,1,9,label_residualized,0.0026772960850892794,0.06819693212638549,0.026528675404696143,86.08956848977827,88.47984052040785,87.28470450509306,0
Qwen/Qwen3.5-4B,31,2,3,raw,0.022346468723865053,0.2048678258788513,0.052173857125985657,78.1782381871735,87.00930030154127,82.59376924435739,0
Qwen/Qwen3.5-4B,31,2,3,label_residualized,0.009475621520995783,0.13678277651183612,0.015547189189839382,82.1382781261721,89.10917578606326,85.62372695611768,0
Qwen/Qwen3.5-4B,31,2,4,raw,0.01763286127394472,0.18267580730708888,0.04353472145991952,79.47434303423526,87.5048556115465,83.48959932289088,0
Qwen/Qwen3.5-4B,31,2,4,label_residualized,0.0013627341816197986,0.04863716367657129,0.01897089014089775,87.21219593027011,88.91298285272359,88.06258939149686,0
Qwen/Qwen3.5-4B,31,2,5,raw,0.045372675514128415,0.28992323595007957,0.0817916150011193,73.1466396725701,85.30844473037413,79.22754220147212,0
Qwen/Qwen3.5-4B,31,2,5,label_residualized,0.012041625056319255,0.1548896984688678,0.009614126110142337,81.08960081584432,89.44914266387235,85.26937173985834,0
Qwen/Qwen3.5-4B,31,2,6,raw,0.033074298910208196,0.24195432568361816,0.08721640959935245,75.99808500168376,84.99651075856244,80.4972978801231,0
Qwen/Qwen3.5-4B,31,2,6,label_residualized,0.021453677436229508,0.19922345741184194,0.056721855482089224,78.50844738221664,86.74833184662144,82.62838961441904,0
Qwen/Qwen3.5-4B,31,2,7,raw,0.04180076277976072,0.2854836636115417,0.045832339788118334,73.41223835314506,87.3730801308472,80.39265924199613,0
Qwen/Qwen3.5-4B,31,2,7,label_residualized,0.0376072787859103,0.27161293710166323,0.037960110258382376,74.23973142840727,87.8245232127551,81.03212732058118,0
Qwen/Qwen3.5-4B,31,2,8,raw,0.02299292599594683,0.18847418155884624,0.10229044372577879,79.13624744275695,84.12892026021113,81.63258385148404,0
Qwen/Qwen3.5-4B,31,2,8,label_residualized,0.04055641292652674,0.2796202108823623,0.05408662976334108,73.76246097796495,86.89955147514411,80.33100622655454,0
Qwen/Qwen3.5-4B,31,2,9,raw,0.031832908327685434,0.19510137088239424,0.16000397412308645,78.74935454362195,80.79287310635172,79.77111382498683,0
Qwen/Qwen3.5-4B,31,2,9,label_residualized,0.026618501179240858,0.20294831586905562,0.10976786161894447,78.29057829044126,83.69806601333721,80.99432215188924,0
Qwen/Qwen3.5-4B,31,3,4,raw,0.4963964691842769,0.9232113568867574,0.3747982509082268,22.5998300669933,67.98815593688842,45.29399300194086,1
Qwen/Qwen3.5-4B,31,3,4,label_residualized,0.3531045480838526,0.7506976712016852,0.3777063709021492,41.34915148889278,67.80831783267647,54.57873466078462,1
Qwen/Qwen3.5-4B,31,3,5,raw,0.09178366236120926,0.4273798664241309,0.030228703209210867,64.6986055605151,88.26775900468375,76.48318228259943,0
Qwen/Qwen3.5-4B,31,3,5,label_residualized,0.024078709298619053,0.2186227126794437,0.01901389223487706,77.37184883822943,88.91051856974117,83.14118370398529,0
Qwen/Qwen3.5-4B,31,3,6,raw,0.03697926539717379,0.270834925624106,0.02463683941849192,74.28604417838484,88.5882702423681,81.43715721037647,0
Qwen/Qwen3.5-4B,31,3,6,label_residualized,0.0622546237266084,0.34716533391022897,0.06313064536511578,69.68596803491053,86.38047348468511,78.03322075979781,0
Qwen/Qwen3.5-4B,31,3,7,raw,0.006890998936047367,0.1167440918529859,0.012361831964410685,83.2957681632752,89.29170116084006,86.29373466205763,0
Qwen/Qwen3.5-4B,31,3,7,label_residualized,0.03336553326301495,0.22814517556542707,0.12116453850962483,76.81210496382704,83.04068384016612,79.92639440199659,0
Qwen/Qwen3.5-4B,31,3,8,raw,0.20558888892897592,0.5976404463018051,0.23238690755318175,53.29890668534794,76.56236018557962,64.93063343546378,1
Qwen/Qwen3.5-4B,31,3,8,label_residualized,0.05706948320954682,0.30502011195753814,0.14526423414077028,72.24062610621397,81.6474193019505,76.94402270408224,0
Qwen/Qwen3.5-4B,31,3,9,raw,0.06590870941010324,0.354353824238291,0.07906191287785069,69.24615303507187,85.46535349388381,77.35575326447784,0
Qwen/Qwen3.5-4B,31,3,9,label_residualized,0.013707185367376081,0.1442443867234971,0.08128916061514213,81.70647424601741,85.33732943134869,83.52190183868305,0
Qwen/Qwen3.5-4B,31,4,5,raw,0.05957936088506688,0.3358624523003562,0.07971910000071944,70.37500824915665,85.42758021683525,77.90129423299595,0
Qwen/Qwen3.5-4B,31,4,5,label_residualized,0.011226430144284559,0.1370332447334471,0.060619717307096595,82.12379093938432,86.52461529425416,84.32420311681923,0
Qwen/Qwen3.5-4B,31,4,6,raw,0.012088898452583506,0.1346983141004551,0.07767986279379072,82.2588247774258,85.54478344215714,83.90180410979147,0
Qwen/Qwen3.5-4B,31,4,6,label_residualized,0.004730257332448317,0.08961039244396508,0.03782184859225155,84.85880634276853,87.83245071560553,86.34562852918702,0
Qwen/Qwen3.5-4B,31,4,7,raw,0.02878426639558047,0.23988833493767667,0.004703142777972647,76.12005010349876,89.73052877493804,82.9252894392184,0
Qwen/Qwen3.5-4B,31,4,7,label_residualized,0.041473622982473604,0.2837144915950254,0.049531133884895925,73.5179771150461,87.16091339502906,80.33944525503757,0
Qwen/Qwen3.5-4B,31,4,8,raw,0.18470265522996165,0.5449682499403626,0.2691001988421074,56.97750602938482,74.38926953585576,65.68338778262029,1
Qwen/Qwen3.5-4B,31,4,8,label_residualized,0.04277911973452288,0.286106712966129,0.06083739199507847,73.37498650631508,86.5121203916849,79.94355344899999,0
Qwen/Qwen3.5-4B,31,4,9,raw,0.04877980248935453,0.2970099395870493,0.09666799245461961,72.72189863907663,84.45266934197036,78.5872839905235,0
Qwen/Qwen3.5-4B,31,4,9,label_residualized,0.017333843193381653,0.14570336674593076,0.11592331648837564,81.62198828692786,83.34311661628047,82.48255245160416,0
Qwen/Qwen3.5-4B,31,5,6,raw,0.0627520673067202,0.28685812468554733,0.2078859084097125,73.33005030632417,78.00151022098062,75.6657802636524,0
Qwen/Qwen3.5-4B,31,5,6,label_residualized,0.039238958373877794,0.27931168704499504,0.0215150697845566,73.78087165409606,88.7671821814076,81.27402691775183,0
Qwen/Qwen3.5-4B,31,5,7,raw,0.007670730384462072,0.1234150472235307,0.010496994223959173,82.91076403890581,89.3985554878326,86.15465976336921,0
Qwen/Qwen3.5-4B,31,5,7,label_residualized,0.004082115452781802,0.08750947708554158,0.02250160718212544,84.97965478041738,88.71064405563986,86.84514941802863,0
Qwen/Qwen3.5-4B,31,5,8,raw,0.08252374361762412,0.39896801702672097,0.07662903252041182,66.48631992185547,85.60517159248725,76.04574575717136,0
Qwen/Qwen3.5-4B,31,5,8,label_residualized,0.004321901715613932,0.08355496358882301,0.040772190165581305,85.20706523302314,87.66327786009862,86.43517154656088,0
Qwen/Qwen3.5-4B,31,5,9,raw,0.0499173246836799,0.3051960007748059,0.0817927287625525,72.23004383255619,85.30838070201165,78.76921226728392,0
Qwen/Qwen3.5-4B,31,5,9,label_residualized,0.014196146098756848,0.16523848251029485,0.03299297039080719,80.48891132185149,88.1092989210933,84.2991051214724,0
Qwen/Qwen3.5-4B,31,6,7,raw,0.01037926976570152,0.1378276666540549,0.04197706321435269,82.07783788558659,87.59418455099255,84.83601121828957,0
Qwen/Qwen3.5-4B,31,6,7,label_residualized,0.006131807830552044,0.104555587601726,0.03649307828016007,83.99843732742397,87.90863626404953,85.95353679573675,0
Qwen/Qwen3.5-4B,31,6,8,raw,0.0423132383073568,0.24805439702527368,0.15197201298640978,75.63758875917404,81.25877507208878,78.44818191563141,0
Qwen/Qwen3.5-4B,31,6,8,label_residualized,0.028777549749664493,0.23870713807341298,0.023958333250239553,76.18975283009405,88.62715726354261,82.40845504681833,0
Qwen/Qwen3.5-4B,31,6,9,raw,0.01851688602644544,0.19196950675959137,0.013471470868842785,78.9322552769864,89.22811822726274,84.08018675212458,0
Qwen/Qwen3.5-4B,31,6,9,label_residualized,0.006074294817037131,0.10773675265674876,0.02326761184678825,83.81513435208429,88.66674372326712,86.2409390376757,0
Qwen/Qwen3.5-4B,31,7,8,raw,0.003338168357764537,0.07647248689441813,0.02878012271885097,85.61416739267429,88.350792709068,86.98248005087115,0
Qwen/Qwen3.5-4B,31,7,8,label_residualized,0.018658944120961096,0.19153523966849684,0.025142398593882596,78.95760739946002,88.55929485859879,83.7584511290294,0
Qwen/Qwen3.5-4B,31,7,9,raw,0.37556612327763256,0.8058575719615527,0.31894485458695837,36.306842874185485,71.40087383353007,53.853858353857774,1
Qwen/Qwen3.5-4B,31,7,9,label_residualized,0.38810987587398404,0.8124424496026676,0.34081815948036714,35.66474359247931,70.07327140251044,52.86900749749488,1
Qwen/Qwen3.5-4B,31,8,9,raw,0.04692356187130758,0.3044919836045893,0.0336415764071435,72.27239695767209,88.07211589006685,80.17225642386947,0
Qwen/Qwen3.5-4B,31,8,9,label_residualized,0.008885768396986238,0.12283298892534084,0.051803413262444115,82.9443692153017,87.03055391334978,84.98746156432574,0
